estacion,fecha,temp_max,temp_min,precipitacion
Barcelona El Prat,2021-01-01,8.5,5.3,10.1
Barcelona El Prat,2021-01-02,9.7,2.7,0.0
Barcelona El Prat,2021-01-03,9.7,1.4,0.0
Barcelona El Prat,2021-01-04,11.3,0.5,0.0
Barcelona El Prat,2021-01-05,10.1,0.6,0.0
Barcelona El Prat,2021-01-06,10.6,-0.5,0.7
Barcelona El Prat,2021-01-07,7.6,2.7,0.0
Barcelona El Prat,2021-01-08,7.4,1.2,5.7
Barcelona El Prat,2021-01-09,8.2,2.5,14.4
Barcelona El Prat,2021-01-10,8.1,4.9,7.4
Barcelona El Prat,2021-01-11,8.6,2.3,0.0
Barcelona El Prat,2021-01-12,9.1,1.8,0.0
Barcelona El Prat,2021-01-13,11.3,3.3,0.0
Barcelona El Prat,2021-01-14,10.5,4.6,0.0
Barcelona El Prat,2021-01-15,12.9,4.1,0.0
Barcelona El Prat,2021-01-16,13.5,2.9,0.0
Barcelona El Prat,2021-01-17,15.4,4.7,0.0
Barcelona El Prat,2021-01-18,12.8,6.3,0.4
Barcelona El Prat,2021-01-19,14.5,3.7,0.0
Barcelona El Prat,2021-01-20,14.0,7.8,0.0
Barcelona El Prat,2021-01-21,15.3,6.4,0.5
Barcelona El Prat,2021-01-22,16.7,8.9,4.5
Barcelona El Prat,2021-01-23,16.3,7.1,0.0
Barcelona El Prat,2021-01-24,17.2,9.3,0.0
Barcelona El Prat,2021-01-25,14.9,9.5,0.0
Barcelona El Prat,2021-01-26,13.3,8.0,0.0
Barcelona El Prat,2021-01-27,16.9,5.8,0.0
Barcelona El Prat,2021-01-28,18.5,7.5,0.0
Barcelona El Prat,2021-01-29,21.3,9.2,0.0
Barcelona El Prat,2021-01-30,20.0,9.2,0.0
Barcelona El Prat,2021-01-31,18.7,11.1,0.3
Barcelona El Prat,2021-02-01,20.9,12.3,0.0
Barcelona El Prat,2021-02-02,18.5,11.2,0.0
Barcelona El Prat,2021-02-03,18.2,9.7,0.0
Barcelona El Prat,2021-02-04,14.5,9.9,0.0
Barcelona El Prat,2021-02-05,15.7,11.5,0.0
Barcelona El Prat,2021-02-06,16.2,11.7,0.4
Barcelona El Prat,2021-02-07,14.1,7.9,0.0
Barcelona El Prat,2021-02-08,15.1,9.2,1.0
Barcelona El Prat,2021-02-09,15.5,8.0,0.1
Barcelona El Prat,2021-02-10,16.1,10.3,0.1
Barcelona El Prat,2021-02-11,15.6,6.9,0.0
Barcelona El Prat,2021-02-12,17.0,9.0,0.0
Barcelona El Prat,2021-02-13,15.7,7.5,0.0
Barcelona El Prat,2021-02-14,13.0,8.2,0.4
Barcelona El Prat,2021-02-15,12.1,8.1,1.1
Barcelona El Prat,2021-02-16,15.1,9.0,0.0
Barcelona El Prat,2021-02-17,16.5,8.5,0.0
Barcelona El Prat,2021-02-18,14.6,8.4,0.0
Barcelona El Prat,2021-02-19,13.3,8.1,0.0
Barcelona El Prat,2021-02-20,14.9,8.4,0.0
Barcelona El Prat,2021-02-21,14.8,10.0,0.0
Barcelona El Prat,2021-02-22,14.9,11.7,9.1
Barcelona El Prat,2021-02-23,18.5,12.9,0.0
Barcelona El Prat,2021-02-24,17.0,10.5,0.0
Barcelona El Prat,2021-02-25,16.5,10.1,0.0
Barcelona El Prat,2021-02-26,15.7,8.8,0.0
Barcelona El Prat,2021-02-27,15.7,8.1,0.0
Barcelona El Prat,2021-02-28,15.9,9.6,0.0
Barcelona El Prat,2021-03-01,15.6,12.5,0.0
Barcelona El Prat,2021-03-02,15.3,12.5,0.0
Barcelona El Prat,2021-03-03,15.4,10.9,0.0
Barcelona El Prat,2021-03-04,16.0,10.0,0.0
Barcelona El Prat,2021-03-05,14.6,9.1,0.0
Barcelona El Prat,2021-03-06,14.4,10.0,0.0
Barcelona El Prat,2021-03-07,14.2,10.5,0.7
Barcelona El Prat,2021-03-08,13.5,9.4,0.0
Barcelona El Prat,2021-03-09,15.0,8.0,0.0
Barcelona El Prat,2021-03-10,15.3,6.5,0.0
Barcelona El Prat,2021-03-11,16.2,6.8,0.0
Barcelona El Prat,2021-03-12,15.7,9.4,0.0
Barcelona El Prat,2021-03-13,16.5,8.4,0.0
Barcelona El Prat,2021-03-14,16.1,7.9,0.0
Barcelona El Prat,2021-03-15,16.8,7.9,0.0
Barcelona El Prat,2021-03-16,16.1,7.6,0.0
Barcelona El Prat,2021-03-17,17.1,8.0,0.0
Barcelona El Prat,2021-03-18,15.3,7.4,8.3
Barcelona El Prat,2021-03-19,11.6,6.1,1.3
Barcelona El Prat,2021-03-20,14.1,4.4,0.0
Barcelona El Prat,2021-03-21,14.7,4.1,0.0
Barcelona El Prat,2021-03-22,17.3,6.7,0.0
Barcelona El Prat,2021-03-23,16.1,7.7,0.0
Barcelona El Prat,2021-03-24,16.3,8.7,0.0
Barcelona El Prat,2021-03-25,16.7,9.8,0.0
Barcelona El Prat,2021-03-26,16.9,11.6,0.0
Barcelona El Prat,2021-03-27,16.9,10.9,0.0
Barcelona El Prat,2021-03-28,17.5,9.4,0.0
Barcelona El Prat,2021-03-29,18.8,8.5,0.0
Barcelona El Prat,2021-03-30,17.1,9.4,0.0
Barcelona El Prat,2021-03-31,17.8,8.8,0.0
Barcelona El Prat,2021-04-01,19.6,7.9,0.0
Barcelona El Prat,2021-04-02,20.1,10.8,0.0
Barcelona El Prat,2021-04-03,21.8,12.2,0.0
Barcelona El Prat,2021-04-04,18.4,11.3,0.0
Barcelona El Prat,2021-04-05,18.3,10.8,0.0
Barcelona El Prat,2021-04-06,16.6,10.6,0.0
Barcelona El Prat,2021-04-07,13.9,8.3,0.0
Barcelona El Prat,2021-04-08,15.6,8.4,0.0
Barcelona El Prat,2021-04-09,15.6,8.0,0.0
Barcelona El Prat,2021-04-10,14.8,10.6,0.0
Barcelona El Prat,2021-04-11,16.1,10.0,5.6
Barcelona El Prat,2021-04-12,15.6,9.4,1.5
Barcelona El Prat,2021-04-13,15.7,8.7,0.0
Barcelona El Prat,2021-04-14,15.1,9.5,0.0
Barcelona El Prat,2021-04-15,15.9,9.3,0.0
Barcelona El Prat,2021-04-16,15.9,8.4,0.7
Barcelona El Prat,2021-04-17,16.2,7.4,0.0
Barcelona El Prat,2021-04-18,16.8,6.9,0.0
Barcelona El Prat,2021-04-19,17.1,8.6,0.0
Barcelona El Prat,2021-04-20,18.3,11.7,1.3
Barcelona El Prat,2021-04-21,15.5,11.7,0.0
Barcelona El Prat,2021-04-22,17.2,10.3,0.0
Barcelona El Prat,2021-04-23,18.5,8.9,0.0
Barcelona El Prat,2021-04-24,18.2,9.4,0.0
Barcelona El Prat,2021-04-25,20.5,12.3,0.0
Barcelona El Prat,2021-04-26,19.1,12.8,2.0
Barcelona El Prat,2021-04-27,18.4,12.0,0.0
Barcelona El Prat,2021-04-28,18.9,14.3,0.0
Barcelona El Prat,2021-04-29,19.3,15.1,0.0
Barcelona El Prat,2021-04-30,20.4,15.0,22.2
Barcelona El Prat,2021-05-01,18.7,12.8,4.1
Barcelona El Prat,2021-05-02,16.2,10.6,1.1
Barcelona El Prat,2021-05-03,17.9,9.7,0.0
Barcelona El Prat,2021-05-04,18.7,10.0,0.0
Barcelona El Prat,2021-05-05,20.4,12.8,0.0
Barcelona El Prat,2021-05-06,20.5,14.7,0.0
Barcelona El Prat,2021-05-07,20.8,14.3,0.0
Barcelona El Prat,2021-05-08,22.3,14.8,0.0
Barcelona El Prat,2021-05-09,21.6,14.1,0.0
Barcelona El Prat,2021-05-10,20.5,15.5,5.1
Barcelona El Prat,2021-05-11,24.0,12.2,0.0
Barcelona El Prat,2021-05-12,21.8,11.3,0.0
Barcelona El Prat,2021-05-13,21.3,14.3,1.7
Barcelona El Prat,2021-05-14,22.0,14.6,0.0
Barcelona El Prat,2021-05-15,21.8,13.7,0.0
Barcelona El Prat,2021-05-16,26.2,15.7,0.0
Barcelona El Prat,2021-05-17,19.9,14.8,0.0
Barcelona El Prat,2021-05-18,21.2,16.3,0.6
Barcelona El Prat,2021-05-19,19.7,15.3,0.6
Barcelona El Prat,2021-05-20,20.7,15.8,0.0
Barcelona El Prat,2021-05-21,21.3,15.6,0.0
Barcelona El Prat,2021-05-22,19.2,14.8,0.0
Barcelona El Prat,2021-05-23,18.0,14.5,1.0
Barcelona El Prat,2021-05-24,21.9,15.2,0.0
Barcelona El Prat,2021-05-25,19.3,16.3,0.0
Barcelona El Prat,2021-05-26,20.5,13.5,0.0
Barcelona El Prat,2021-05-27,22.5,15.5,0.0
Barcelona El Prat,2021-05-28,24.1,16.0,0.0
Barcelona El Prat,2021-05-29,24.8,15.4,0.0
Barcelona El Prat,2021-05-30,24.9,19.5,0.0
Barcelona El Prat,2021-05-31,24.5,19.3,0.0
Barcelona El Prat,2021-06-01,23.9,17.6,0.2
Barcelona El Prat,2021-06-02,23.9,18.2,0.0
Barcelona El Prat,2021-06-03,24.0,19.5,0.0
Barcelona El Prat,2021-06-04,24.1,20.4,0.0
Barcelona El Prat,2021-06-05,24.7,19.1,0.0
Barcelona El Prat,2021-06-06,25.7,19.3,0.0
Barcelona El Prat,2021-06-07,24.3,17.4,0.0
Barcelona El Prat,2021-06-08,25.4,17.9,0.0
Barcelona El Prat,2021-06-09,27.4,18.1,0.0
Barcelona El Prat,2021-06-10,29.4,19.4,0.0
Barcelona El Prat,2021-06-11,29.8,20.9,0.0
Barcelona El Prat,2021-06-12,32.2,20.6,0.0
Barcelona El Prat,2021-06-13,31.0,23.1,0.0
Barcelona El Prat,2021-06-14,30.4,23.1,0.0
Barcelona El Prat,2021-06-15,32.5,21.8,0.0
Barcelona El Prat,2021-06-16,30.2,24.2,0.0
Barcelona El Prat,2021-06-17,27.4,21.9,0.3
Barcelona El Prat,2021-06-18,29.3,20.0,0.0
Barcelona El Prat,2021-06-19,27.1,22.6,0.1
Barcelona El Prat,2021-06-20,28.1,22.0,0.0
Barcelona El Prat,2021-06-21,28.2,21.4,0.0
Barcelona El Prat,2021-06-22,26.0,21.9,0.3
Barcelona El Prat,2021-06-23,26.3,17.6,2.4
Barcelona El Prat,2021-06-24,25.9,18.0,0.0
Barcelona El Prat,2021-06-25,26.3,18.8,0.0
Barcelona El Prat,2021-06-26,26.7,19.7,0.0
Barcelona El Prat,2021-06-27,27.0,21.0,0.0
Barcelona El Prat,2021-06-28,27.2,20.1,0.0
Barcelona El Prat,2021-06-29,26.3,21.8,0.0
Barcelona El Prat,2021-06-30,26.5,23.0,0.0
Barcelona El Prat,2021-07-01,27.4,21.9,0.0
Barcelona El Prat,2021-07-02,28.5,20.1,0.0
Barcelona El Prat,2021-07-03,28.6,21.7,0.0
Barcelona El Prat,2021-07-04,28.6,21.8,0.0
Barcelona El Prat,2021-07-05,28.2,20.8,0.0
Barcelona El Prat,2021-07-06,28.0,21.1,0.0
Barcelona El Prat,2021-07-07,27.3,22.8,0.0
Barcelona El Prat,2021-07-08,27.6,22.0,0.0
Barcelona El Prat,2021-07-09,27.9,20.9,0.0
Barcelona El Prat,2021-07-10,28.5,20.9,0.0
Barcelona El Prat,2021-07-11,28.5,21.4,0.0
Barcelona El Prat,2021-07-12,29.1,22.4,0.0
Barcelona El Prat,2021-07-13,27.5,18.3,0.0
Barcelona El Prat,2021-07-14,26.4,18.9,2.1
Barcelona El Prat,2021-07-15,27.1,20.8,0.0
Barcelona El Prat,2021-07-16,27.5,21.5,0.0
Barcelona El Prat,2021-07-17,28.0,21.3,0.0
Barcelona El Prat,2021-07-18,28.9,21.2,0.0
Barcelona El Prat,2021-07-19,30.4,22.4,0.0
Barcelona El Prat,2021-07-20,29.7,22.8,0.0
Barcelona El Prat,2021-07-21,29.2,23.9,0.0
Barcelona El Prat,2021-07-22,30.5,22.3,0.0
Barcelona El Prat,2021-07-23,30.5,22.5,0.0
Barcelona El Prat,2021-07-24,28.9,23.8,0.0
Barcelona El Prat,2021-07-25,30.2,23.3,0.0
Barcelona El Prat,2021-07-26,30.1,23.0,0.0
Barcelona El Prat,2021-07-27,29.2,22.0,0.0
Barcelona El Prat,2021-07-28,28.2,23.0,0.0
Barcelona El Prat,2021-07-29,28.5,21.9,0.0
Barcelona El Prat,2021-07-30,30.1,23.3,0.0
Barcelona El Prat,2021-07-31,30.3,24.5,0.0
Barcelona El Prat,2021-08-01,28.7,22.9,0.0
Barcelona El Prat,2021-08-02,27.8,19.7,0.0
Barcelona El Prat,2021-08-03,28.6,21.1,0.0
Barcelona El Prat,2021-08-04,29.1,20.9,0.0
Barcelona El Prat,2021-08-05,28.9,20.8,0.0
Barcelona El Prat,2021-08-06,27.8,24.1,0.0
Barcelona El Prat,2021-08-07,29.7,24.0,0.0
Barcelona El Prat,2021-08-08,26.6,21.7,0.0
Barcelona El Prat,2021-08-09,27.7,20.2,0.0
Barcelona El Prat,2021-08-10,30.9,21.2,0.0
Barcelona El Prat,2021-08-11,31.8,23.0,0.0
Barcelona El Prat,2021-08-12,30.8,24.2,0.0
Barcelona El Prat,2021-08-13,32.5,23.1,0.0
Barcelona El Prat,2021-08-14,32.5,23.7,0.0
Barcelona El Prat,2021-08-15,30.4,25.4,0.0
Barcelona El Prat,2021-08-16,29.6,24.6,0.0
Barcelona El Prat,2021-08-17,28.3,21.6,0.0
Barcelona El Prat,2021-08-18,28.2,21.3,0.0
Barcelona El Prat,2021-08-19,27.0,20.8,0.0
Barcelona El Prat,2021-08-20,29.1,21.9,0.0
Barcelona El Prat,2021-08-21,29.4,23.3,0.0
Barcelona El Prat,2021-08-22,29.9,22.2,0.0
Barcelona El Prat,2021-08-23,28.4,22.4,2.1
Barcelona El Prat,2021-08-24,28.0,22.8,0.3
Barcelona El Prat,2021-08-25,27.3,21.1,0.0
Barcelona El Prat,2021-08-26,28.8,19.4,0.0
Barcelona El Prat,2021-08-27,29.9,23.7,0.0
Barcelona El Prat,2021-08-28,27.2,22.6,0.0
Barcelona El Prat,2021-08-29,27.3,22.4,0.0
Barcelona El Prat,2021-08-30,25.0,20.9,6.3
Barcelona El Prat,2021-08-31,26.9,20.6,0.0
Barcelona El Prat,2021-09-01,25.6,21.3,1.6
Barcelona El Prat,2021-09-02,27.7,19.5,0.2
Barcelona El Prat,2021-09-03,28.2,20.5,0.0
Barcelona El Prat,2021-09-04,27.8,20.8,0.0
Barcelona El Prat,2021-09-05,29.0,21.5,0.0
Barcelona El Prat,2021-09-06,29.2,22.5,0.0
Barcelona El Prat,2021-09-07,28.7,23.2,0.1
Barcelona El Prat,2021-09-08,29.6,21.8,0.0
Barcelona El Prat,2021-09-09,29.0,22.3,0.0
Barcelona El Prat,2021-09-10,28.6,20.2,7.0
Barcelona El Prat,2021-09-11,27.6,19.2,0.0
Barcelona El Prat,2021-09-12,28.9,22.2,0.0
Barcelona El Prat,2021-09-13,29.0,22.1,0.0
Barcelona El Prat,2021-09-14,29.5,24.3,0.0
Barcelona El Prat,2021-09-15,29.4,23.8,5.4
Barcelona El Prat,2021-09-16,27.3,21.2,2.8
Barcelona El Prat,2021-09-17,27.8,19.3,0.0
Barcelona El Prat,2021-09-18,26.8,20.4,0.9
Barcelona El Prat,2021-09-19,25.9,17.1,0.0
Barcelona El Prat,2021-09-20,26.3,16.9,11.8
Barcelona El Prat,2021-09-21,23.0,16.7,0.0
Barcelona El Prat,2021-09-22,25.1,17.8,5.6
Barcelona El Prat,2021-09-23,25.6,17.4,1.6
Barcelona El Prat,2021-09-24,25.4,17.8,0.0
Barcelona El Prat,2021-09-25,28.0,21.6,0.1
Barcelona El Prat,2021-09-26,29.1,20.3,0.0
Barcelona El Prat,2021-09-27,27.5,18.6,0.0
Barcelona El Prat,2021-09-28,26.2,18.6,0.0
Barcelona El Prat,2021-09-29,25.5,19.8,0.4
Barcelona El Prat,2021-09-30,24.7,18.6,0.0
Barcelona El Prat,2021-10-01,25.3,16.3,0.0
Barcelona El Prat,2021-10-02,25.3,17.9,0.1
Barcelona El Prat,2021-10-03,26.7,17.5,20.7
Barcelona El Prat,2021-10-04,19.5,14.3,2.8
Barcelona El Prat,2021-10-05,24.6,12.5,0.0
Barcelona El Prat,2021-10-06,22.4,16.4,0.0
Barcelona El Prat,2021-10-07,22.6,14.2,0.0
Barcelona El Prat,2021-10-08,22.9,14.9,0.0
Barcelona El Prat,2021-10-09,21.3,16.2,0.0
Barcelona El Prat,2021-10-10,22.3,16.3,0.0
Barcelona El Prat,2021-10-11,23.8,13.3,0.0
Barcelona El Prat,2021-10-12,23.4,12.9,0.0
Barcelona El Prat,2021-10-13,22.5,13.5,0.0
Barcelona El Prat,2021-10-14,21.6,15.1,0.0
Barcelona El Prat,2021-10-15,23.9,14.9,0.0
Barcelona El Prat,2021-10-16,22.8,16.0,0.0
Barcelona El Prat,2021-10-17,22.2,15.0,0.0
Barcelona El Prat,2021-10-18,24.5,16.2,0.0
Barcelona El Prat,2021-10-19,24.1,16.7,0.0
Barcelona El Prat,2021-10-20,24.1,17.8,0.0
Barcelona El Prat,2021-10-21,22.7,16.4,0.8
Barcelona El Prat,2021-10-22,21.0,14.6,0.0
Barcelona El Prat,2021-10-23,20.8,11.9,0.0
Barcelona El Prat,2021-10-24,23.0,10.8,0.0
Barcelona El Prat,2021-10-25,21.3,11.5,0.0
Barcelona El Prat,2021-10-26,22.4,12.8,0.0
Barcelona El Prat,2021-10-27,21.0,11.5,0.0
Barcelona El Prat,2021-10-28,20.8,11.4,0.5
Barcelona El Prat,2021-10-29,22.6,13.6,19.4
Barcelona El Prat,2021-10-30,22.7,14.5,1.6
Barcelona El Prat,2021-10-31,23.6,16.3,1.4
Barcelona El Prat,2021-11-01,25.0,15.8,0.0
Barcelona El Prat,2021-11-02,20.2,12.6,0.0
Barcelona El Prat,2021-11-03,17.8,10.6,0.0
Barcelona El Prat,2021-11-04,18.2,8.4,10.3
Barcelona El Prat,2021-11-05,16.3,6.9,0.0
Barcelona El Prat,2021-11-06,19.0,5.9,0.0
Barcelona El Prat,2021-11-07,18.9,6.8,0.0
Barcelona El Prat,2021-11-08,18.9,8.9,0.0
Barcelona El Prat,2021-11-09,17.2,9.2,1.0
Barcelona El Prat,2021-11-10,16.5,11.9,10.0
Barcelona El Prat,2021-11-11,18.6,12.8,4.3
Barcelona El Prat,2021-11-12,20.1,14.1,0.4
Barcelona El Prat,2021-11-13,20.5,13.9,0.0
Barcelona El Prat,2021-11-14,18.7,11.0,7.3
Barcelona El Prat,2021-11-15,15.6,9.9,0.0
Barcelona El Prat,2021-11-16,12.8,9.8,1.7
Barcelona El Prat,2021-11-17,16.7,8.4,0.0
Barcelona El Prat,2021-11-18,17.1,7.5,0.0
Barcelona El Prat,2021-11-19,17.2,6.7,0.0
Barcelona El Prat,2021-11-20,16.1,7.3,0.0
Barcelona El Prat,2021-11-21,18.1,10.5,0.0
Barcelona El Prat,2021-11-22,16.3,8.9,0.8
Barcelona El Prat,2021-11-23,16.3,11.7,33.9
Barcelona El Prat,2021-11-24,15.5,9.7,50.6
Barcelona El Prat,2021-11-25,13.6,5.9,0.0
Barcelona El Prat,2021-11-26,14.9,6.7,0.0
Barcelona El Prat,2021-11-27,14.8,5.6,0.0
Barcelona El Prat,2021-11-28,11.9,5.4,0.0
Barcelona El Prat,2021-11-29,14.9,4.9,0.0
Barcelona El Prat,2021-11-30,15.4,6.3,0.0
Barcelona El Prat,2021-12-01,15.8,6.3,0.5
Barcelona El Prat,2021-12-02,14.8,7.5,0.0
Barcelona El Prat,2021-12-03,14.1,4.9,0.0
Barcelona El Prat,2021-12-04,19.8,6.9,0.0
Barcelona El Prat,2021-12-05,13.2,7.7,0.0
Barcelona El Prat,2021-12-06,15.9,4.7,0.0
Barcelona El Prat,2021-12-07,16.2,6.4,0.0
Barcelona El Prat,2021-12-08,14.7,7.8,0.0
Barcelona El Prat,2021-12-09,13.4,6.3,0.0
Barcelona El Prat,2021-12-10,18.5,8.4,0.0
Barcelona El Prat,2021-12-11,15.0,5.1,0.0
Barcelona El Prat,2021-12-12,16.8,8.0,0.0
Barcelona El Prat,2021-12-13,16.7,5.9,0.0
Barcelona El Prat,2021-12-14,15.6,5.5,0.0
Barcelona El Prat,2021-12-15,18.8,5.8,0.0
Barcelona El Prat,2021-12-16,15.6,5.0,0.0
Barcelona El Prat,2021-12-17,14.1,7.5,0.0
Barcelona El Prat,2021-12-18,15.7,5.5,0.0
Barcelona El Prat,2021-12-19,14.2,4.6,0.0
Barcelona El Prat,2021-12-20,15.2,3.9,0.0
Barcelona El Prat,2021-12-21,13.5,4.3,0.0
Barcelona El Prat,2021-12-22,12.2,8.6,0.2
Barcelona El Prat,2021-12-23,15.3,10.3,0.0
Barcelona El Prat,2021-12-24,16.2,10.6,0.1
Barcelona El Prat,2021-12-25,17.4,9.5,0.0
Barcelona El Prat,2021-12-26,17.7,9.1,0.0
Barcelona El Prat,2021-12-27,22.2,10.6,0.0
Barcelona El Prat,2021-12-28,21.2,14.2,0.0
Barcelona El Prat,2021-12-29,20.9,13.2,0.0
Barcelona El Prat,2021-12-30,20.6,11.0,0.0
Barcelona El Prat,2021-12-31,18.4,8.8,0.0
Barcelona El Prat,2022-01-01,16.3,7.5,0.0
Barcelona El Prat,2022-01-02,15.0,7.8,0.0
Barcelona El Prat,2022-01-03,14.7,8.7,0.0
Barcelona El Prat,2022-01-04,18.5,9.5,13.9
Barcelona El Prat,2022-01-05,14.2,5.8,0.2
Barcelona El Prat,2022-01-06,12.4,2.2,0.0
Barcelona El Prat,2022-01-07,12.8,2.7,0.0
Barcelona El Prat,2022-01-08,13.4,5.4,0.0
Barcelona El Prat,2022-01-09,16.6,8.9,0.0
Barcelona El Prat,2022-01-10,12.8,9.8,0.1
Barcelona El Prat,2022-01-11,15.0,6.9,0.0
Barcelona El Prat,2022-01-12,13.1,5.3,0.0
Barcelona El Prat,2022-01-13,12.8,2.5,0.0
Barcelona El Prat,2022-01-14,14.1,2.0,0.0
Barcelona El Prat,2022-01-15,13.7,1.3,0.0
Barcelona El Prat,2022-01-16,14.3,1.7,0.0
Barcelona El Prat,2022-01-17,15.4,2.4,0.0
Barcelona El Prat,2022-01-18,13.2,3.0,0.0
Barcelona El Prat,2022-01-19,13.4,3.2,0.0
Barcelona El Prat,2022-01-20,13.7,3.1,0.0
Barcelona El Prat,2022-01-21,11.4,3.4,0.0
Barcelona El Prat,2022-01-22,12.5,2.1,0.0
Barcelona El Prat,2022-01-23,13.2,1.6,0.0
Barcelona El Prat,2022-01-24,15.0,2.3,0.0
Barcelona El Prat,2022-01-25,14.6,2.7,0.0
Barcelona El Prat,2022-01-26,14.3,3.4,0.0
Barcelona El Prat,2022-01-27,15.7,4.3,0.0
Barcelona El Prat,2022-01-28,17.0,3.8,0.0
Barcelona El Prat,2022-01-29,16.9,5.4,0.0
Barcelona El Prat,2022-01-30,16.7,4.8,0.0
Barcelona El Prat,2022-01-31,16.9,6.6,0.0
Barcelona El Prat,2022-02-01,15.6,5.1,0.0
Barcelona El Prat,2022-02-02,18.7,8.4,0.0
Barcelona El Prat,2022-02-03,16.3,6.0,0.0
Barcelona El Prat,2022-02-04,15.3,7.3,0.0
Barcelona El Prat,2022-02-05,16.3,9.5,0.0
Barcelona El Prat,2022-02-06,16.0,7.4,0.0
Barcelona El Prat,2022-02-07,16.1,5.6,0.0
Barcelona El Prat,2022-02-08,16.0,6.8,0.0
Barcelona El Prat,2022-02-09,15.0,7.0,0.0
Barcelona El Prat,2022-02-10,15.1,4.9,0.0
Barcelona El Prat,2022-02-11,17.3,6.6,0.0
Barcelona El Prat,2022-02-12,13.4,8.9,4.4
Barcelona El Prat,2022-02-13,16.1,9.8,0.1
Barcelona El Prat,2022-02-14,18.1,8.8,0.0
Barcelona El Prat,2022-02-15,18.5,7.6,0.0
Barcelona El Prat,2022-02-16,15.9,8.2,0.0
Barcelona El Prat,2022-02-17,19.9,8.7,0.0
Barcelona El Prat,2022-02-18,17.1,8.6,0.0
Barcelona El Prat,2022-02-19,13.6,7.1,0.1
Barcelona El Prat,2022-02-20,15.5,6.8,0.0
Barcelona El Prat,2022-02-21,20.8,7.2,0.0
Barcelona El Prat,2022-02-22,17.5,8.4,0.0
Barcelona El Prat,2022-02-23,16.6,7.0,0.0
Barcelona El Prat,2022-02-24,16.7,9.3,0.0
Barcelona El Prat,2022-02-25,15.9,9.3,0.1
Barcelona El Prat,2022-02-26,13.2,8.3,0.0
Barcelona El Prat,2022-02-27,15.0,5.7,0.0
Barcelona El Prat,2022-02-28,15.3,9.7,0.0
Barcelona El Prat,2022-03-01,17.4,7.0,0.0
Barcelona El Prat,2022-03-02,15.9,8.0,0.0
Barcelona El Prat,2022-03-03,17.2,8.8,0.0
Barcelona El Prat,2022-03-04,17.3,8.5,0.0
Barcelona El Prat,2022-03-05,16.8,10.3,12.2
Barcelona El Prat,2022-03-06,13.3,9.3,0.2
Barcelona El Prat,2022-03-07,14.0,7.9,0.0
Barcelona El Prat,2022-03-08,12.7,6.4,4.7
Barcelona El Prat,2022-03-09,15.4,8.3,0.5
Barcelona El Prat,2022-03-10,15.7,8.7,0.0
Barcelona El Prat,2022-03-11,15.5,9.9,19.7
Barcelona El Prat,2022-03-12,15.6,10.3,9.3
Barcelona El Prat,2022-03-13,16.5,8.4,0.4
Barcelona El Prat,2022-03-14,15.0,11.8,0.1
Barcelona El Prat,2022-03-15,15.6,13.7,0.0
Barcelona El Prat,2022-03-16,16.0,13.7,0.0
Barcelona El Prat,2022-03-17,17.0,13.6,0.0
Barcelona El Prat,2022-03-18,16.9,13.1,1.3
Barcelona El Prat,2022-03-19,14.0,10.0,0.0
Barcelona El Prat,2022-03-20,15.8,9.7,0.2
Barcelona El Prat,2022-03-21,16.5,12.0,1.6
Barcelona El Prat,2022-03-22,15.2,10.2,0.0
Barcelona El Prat,2022-03-23,14.8,8.4,3.7
Barcelona El Prat,2022-03-24,14.3,9.7,0.0
Barcelona El Prat,2022-03-25,17.1,11.8,0.0
Barcelona El Prat,2022-03-26,14.1,11.4,2.3
Barcelona El Prat,2022-03-27,20.3,10.8,0.0
Barcelona El Prat,2022-03-28,19.1,8.9,0.0
Barcelona El Prat,2022-03-29,15.7,10.4,0.9
Barcelona El Prat,2022-03-30,15.2,10.8,5.3
Barcelona El Prat,2022-03-31,16.8,9.6,0.0
Barcelona El Prat,2022-04-01,15.8,6.0,0.0
Barcelona El Prat,2022-04-02,17.2,4.7,0.0
Barcelona El Prat,2022-04-03,9.0,5.6,0.7
Barcelona El Prat,2022-04-04,12.7,3.6,0.0
Barcelona El Prat,2022-04-05,15.1,5.1,0.0
Barcelona El Prat,2022-04-06,18.0,9.0,0.0
Barcelona El Prat,2022-04-07,19.0,11.0,0.0
Barcelona El Prat,2022-04-08,19.0,12.0,0.0
Barcelona El Prat,2022-04-09,19.9,13.2,0.0
Barcelona El Prat,2022-04-10,17.2,10.8,0.0
Barcelona El Prat,2022-04-11,17.5,9.4,0.0
Barcelona El Prat,2022-04-12,16.4,13.8,0.2
Barcelona El Prat,2022-04-13,14.6,12.8,5.1
Barcelona El Prat,2022-04-14,21.9,11.2,0.0
Barcelona El Prat,2022-04-15,25.2,14.1,0.0
Barcelona El Prat,2022-04-16,25.3,14.9,0.0
Barcelona El Prat,2022-04-17,22.2,13.4,0.0
Barcelona El Prat,2022-04-18,19.2,11.8,0.0
Barcelona El Prat,2022-04-19,19.7,11.5,0.5
Barcelona El Prat,2022-04-20,19.0,11.0,6.8
Barcelona El Prat,2022-04-21,19.0,11.0,12.7
Barcelona El Prat,2022-04-22,18.1,10.2,0.0
Barcelona El Prat,2022-04-23,18.0,11.4,0.6
Barcelona El Prat,2022-04-24,22.6,12.2,0.0
Barcelona El Prat,2022-04-25,19.7,11.6,0.0
Barcelona El Prat,2022-04-26,20.4,10.3,0.0
Barcelona El Prat,2022-04-27,22.0,12.0,0.0
Barcelona El Prat,2022-04-28,23.0,13.0,0.0
Barcelona El Prat,2022-04-29,23.5,14.1,0.0
Barcelona El Prat,2022-04-30,20.9,15.1,0.0
Barcelona El Prat,2022-05-01,21.7,14.6,0.0
Barcelona El Prat,2022-05-02,20.7,15.8,0.0
Barcelona El Prat,2022-05-03,21.0,14.0,0.2
Barcelona El Prat,2022-05-04,21.0,13.0,0.0
Barcelona El Prat,2022-05-05,21.0,13.0,1.8
Barcelona El Prat,2022-05-06,21.9,12.4,0.0
Barcelona El Prat,2022-05-07,23.3,13.8,0.0
Barcelona El Prat,2022-05-08,23.1,13.9,0.0
Barcelona El Prat,2022-05-09,23.9,14.8,0.0
Barcelona El Prat,2022-05-10,22.7,14.5,0.0
Barcelona El Prat,2022-05-11,21.9,14.7,0.0
Barcelona El Prat,2022-05-12,23.1,14.6,0.0
Barcelona El Prat,2022-05-13,22.4,14.2,0.0
Barcelona El Prat,2022-05-14,24.4,15.9,0.0
Barcelona El Prat,2022-05-15,25.1,16.9,0.0
Barcelona El Prat,2022-05-16,24.6,17.3,0.0
Barcelona El Prat,2022-05-17,24.5,16.9,0.0
Barcelona El Prat,2022-05-18,27.8,18.6,0.0
Barcelona El Prat,2022-05-19,24.9,20.0,0.0
Barcelona El Prat,2022-05-20,26.0,18.6,0.0
Barcelona El Prat,2022-05-21,28.2,18.8,0.0
Barcelona El Prat,2022-05-22,27.4,18.8,0.0
Barcelona El Prat,2022-05-23,25.1,19.2,0.0
Barcelona El Prat,2022-05-24,22.9,15.9,24.2
Barcelona El Prat,2022-05-25,22.8,14.4,0.0
Barcelona El Prat,2022-05-26,24.9,17.8,0.0
Barcelona El Prat,2022-05-27,25.0,18.2,0.0
Barcelona El Prat,2022-05-28,29.3,19.7,0.0
Barcelona El Prat,2022-05-29,25.1,19.3,0.0
Barcelona El Prat,2022-05-30,23.5,18.4,0.0
Barcelona El Prat,2022-05-31,24.4,17.8,0.0
Barcelona El Prat,2022-06-01,24.4,18.2,0.0
Barcelona El Prat,2022-06-02,24.5,18.7,0.0
Barcelona El Prat,2022-06-03,26.6,20.0,0.0
Barcelona El Prat,2022-06-04,27.4,20.0,0.0
Barcelona El Prat,2022-06-05,27.5,20.1,0.0
Barcelona El Prat,2022-06-06,26.6,20.9,0.0
Barcelona El Prat,2022-06-07,27.1,20.4,0.0
Barcelona El Prat,2022-06-08,26.5,21.1,0.0
Barcelona El Prat,2022-06-09,26.0,20.1,0.0
Barcelona El Prat,2022-06-10,26.1,19.1,0.0
Barcelona El Prat,2022-06-11,28.3,20.6,0.0
Barcelona El Prat,2022-06-12,28.9,21.9,0.0
Barcelona El Prat,2022-06-13,31.0,21.1,0.0
Barcelona El Prat,2022-06-14,29.0,21.6,0.5
Barcelona El Prat,2022-06-15,30.1,23.4,0.0
Barcelona El Prat,2022-06-16,30.6,21.3,0.0
Barcelona El Prat,2022-06-17,32.9,24.0,0.0
Barcelona El Prat,2022-06-18,31.0,24.2,0.0
Barcelona El Prat,2022-06-19,28.8,24.0,0.0
Barcelona El Prat,2022-06-20,29.0,23.6,0.0
Barcelona El Prat,2022-06-21,30.6,22.1,3.8
Barcelona El Prat,2022-06-22,28.2,21.5,0.2
Barcelona El Prat,2022-06-23,27.8,22.2,0.0
Barcelona El Prat,2022-06-24,30.1,21.0,0.0
Barcelona El Prat,2022-06-25,27.7,21.3,0.0
Barcelona El Prat,2022-06-26,27.0,22.4,0.0
Barcelona El Prat,2022-06-27,28.3,22.9,0.0
Barcelona El Prat,2022-06-28,27.7,21.4,0.0
Barcelona El Prat,2022-06-29,28.0,19.7,0.0
Barcelona El Prat,2022-06-30,28.3,21.3,0.0
Barcelona El Prat,2022-07-01,26.2,21.2,0.0
Barcelona El Prat,2022-07-02,27.6,20.0,0.0
Barcelona El Prat,2022-07-03,30.1,21.7,0.0
Barcelona El Prat,2022-07-04,31.9,22.5,0.0
Barcelona El Prat,2022-07-05,30.8,23.2,2.1
Barcelona El Prat,2022-07-06,29.0,22.8,0.5
Barcelona El Prat,2022-07-07,29.2,22.5,0.0
Barcelona El Prat,2022-07-08,28.8,22.2,0.0
Barcelona El Prat,2022-07-09,29.8,22.3,0.0
Barcelona El Prat,2022-07-10,30.5,23.0,0.0
Barcelona El Prat,2022-07-11,29.9,23.0,0.0
Barcelona El Prat,2022-07-12,30.7,22.6,0.0
Barcelona El Prat,2022-07-13,30.7,23.6,0.0
Barcelona El Prat,2022-07-14,30.4,22.9,0.0
Barcelona El Prat,2022-07-15,33.3,23.6,0.0
Barcelona El Prat,2022-07-16,32.4,25.1,0.0
Barcelona El Prat,2022-07-17,31.9,24.3,0.0
Barcelona El Prat,2022-07-18,30.0,23.3,0.0
Barcelona El Prat,2022-07-19,30.7,23.4,0.0
Barcelona El Prat,2022-07-20,31.0,24.0,0.0
Barcelona El Prat,2022-07-21,31.6,24.2,0.0
Barcelona El Prat,2022-07-22,31.9,23.6,0.0
Barcelona El Prat,2022-07-23,30.6,24.3,0.0
Barcelona El Prat,2022-07-24,31.6,24.8,0.0
Barcelona El Prat,2022-07-25,31.1,24.5,0.0
Barcelona El Prat,2022-07-26,31.0,25.0,0.7
Barcelona El Prat,2022-07-27,30.1,23.2,0.4
Barcelona El Prat,2022-07-28,31.3,24.4,0.0
Barcelona El Prat,2022-07-29,31.0,24.5,0.0
Barcelona El Prat,2022-07-30,31.0,24.6,0.0
Barcelona El Prat,2022-07-31,32.2,24.4,0.0
Barcelona El Prat,2022-08-01,33.3,24.8,0.0
Barcelona El Prat,2022-08-02,32.5,26.7,0.0
Barcelona El Prat,2022-08-03,32.3,25.2,0.0
Barcelona El Prat,2022-08-04,31.9,25.6,0.0
Barcelona El Prat,2022-08-05,32.3,22.2,13.5
Barcelona El Prat,2022-08-06,33.6,22.7,0.0
Barcelona El Prat,2022-08-07,31.7,24.4,0.0
Barcelona El Prat,2022-08-08,31.8,22.5,0.0
Barcelona El Prat,2022-08-09,32.1,24.2,0.0
Barcelona El Prat,2022-08-10,32.5,24.0,0.0
Barcelona El Prat,2022-08-11,32.2,23.9,0.0
Barcelona El Prat,2022-08-12,32.6,24.5,0.0
Barcelona El Prat,2022-08-13,33.7,25.3,0.0
Barcelona El Prat,2022-08-14,34.6,25.9,2.7
Barcelona El Prat,2022-08-15,30.4,24.2,0.0
Barcelona El Prat,2022-08-16,31.2,23.8,0.0
Barcelona El Prat,2022-08-17,31.2,18.3,45.9
Barcelona El Prat,2022-08-18,27.5,19.4,2.8
Barcelona El Prat,2022-08-19,29.5,18.2,0.0
Barcelona El Prat,2022-08-20,30.1,20.6,0.0
Barcelona El Prat,2022-08-21,30.7,23.2,3.4
Barcelona El Prat,2022-08-22,29.2,23.5,0.0
Barcelona El Prat,2022-08-23,30.3,23.0,0.0
Barcelona El Prat,2022-08-24,31.0,24.3,0.0
Barcelona El Prat,2022-08-25,30.8,22.2,0.6
Barcelona El Prat,2022-08-26,31.3,22.0,0.0
Barcelona El Prat,2022-08-27,31.3,23.6,0.0
Barcelona El Prat,2022-08-28,31.1,22.6,0.0
Barcelona El Prat,2022-08-29,30.7,22.9,1.0
Barcelona El Prat,2022-08-30,31.2,23.4,1.8
Barcelona El Prat,2022-08-31,30.5,18.8,11.6
Barcelona El Prat,2022-09-01,30.2,19.4,0.0
Barcelona El Prat,2022-09-02,30.9,23.1,0.0
Barcelona El Prat,2022-09-03,29.3,22.7,0.0
Barcelona El Prat,2022-09-04,29.5,23.1,0.0
Barcelona El Prat,2022-09-05,30.4,23.8,0.0
Barcelona El Prat,2022-09-06,30.8,23.1,0.0
Barcelona El Prat,2022-09-07,30.5,21.8,0.0
Barcelona El Prat,2022-09-08,29.3,23.6,0.0
Barcelona El Prat,2022-09-09,29.7,22.2,0.0
Barcelona El Prat,2022-09-10,29.4,21.0,0.0
Barcelona El Prat,2022-09-11,29.1,24.4,0.0
Barcelona El Prat,2022-09-12,30.8,23.2,0.0
Barcelona El Prat,2022-09-13,32.8,25.0,0.7
Barcelona El Prat,2022-09-14,28.1,20.8,0.1
Barcelona El Prat,2022-09-15,29.9,20.8,0.0
Barcelona El Prat,2022-09-16,28.5,21.7,0.0
Barcelona El Prat,2022-09-17,26.4,20.1,0.0
Barcelona El Prat,2022-09-18,25.5,18.6,0.0
Barcelona El Prat,2022-09-19,26.6,18.8,0.0
Barcelona El Prat,2022-09-20,26.2,20.7,0.0
Barcelona El Prat,2022-09-21,26.0,19.5,0.0
Barcelona El Prat,2022-09-22,25.8,20.1,0.0
Barcelona El Prat,2022-09-23,27.0,17.0,13.7
Barcelona El Prat,2022-09-24,23.3,16.7,0.6
Barcelona El Prat,2022-09-25,23.7,16.4,0.0
Barcelona El Prat,2022-09-26,25.6,15.0,0.0
Barcelona El Prat,2022-09-27,24.7,15.3,0.0
Barcelona El Prat,2022-09-28,27.0,16.8,0.0
Barcelona El Prat,2022-09-29,24.6,16.3,0.0
Barcelona El Prat,2022-09-30,23.2,14.5,0.0
Barcelona El Prat,2022-10-01,24.2,12.7,0.0
Barcelona El Prat,2022-10-02,26.2,15.7,0.0
Barcelona El Prat,2022-10-03,25.5,16.6,0.0
Barcelona El Prat,2022-10-04,25.7,17.8,0.0
Barcelona El Prat,2022-10-05,24.9,16.4,0.0
Barcelona El Prat,2022-10-06,25.0,18.1,0.7
Barcelona El Prat,2022-10-07,20.8,17.1,35.2
Barcelona El Prat,2022-10-08,23.0,18.0,0.0
Barcelona El Prat,2022-10-09,23.3,17.1,0.0
Barcelona El Prat,2022-10-10,23.5,18.3,0.0
Barcelona El Prat,2022-10-11,23.2,17.5,0.0
Barcelona El Prat,2022-10-12,24.6,16.8,0.0
Barcelona El Prat,2022-10-13,25.3,17.5,0.0
Barcelona El Prat,2022-10-14,25.5,16.8,0.0
Barcelona El Prat,2022-10-15,25.7,17.0,0.0
Barcelona El Prat,2022-10-16,26.2,18.4,0.0
Barcelona El Prat,2022-10-17,25.7,20.4,0.0
Barcelona El Prat,2022-10-18,25.7,19.1,0.0
Barcelona El Prat,2022-10-19,26.0,19.5,0.0
Barcelona El Prat,2022-10-20,25.1,19.6,0.0
Barcelona El Prat,2022-10-21,26.2,19.7,0.0
Barcelona El Prat,2022-10-22,26.6,18.1,0.0
Barcelona El Prat,2022-10-23,26.2,18.7,0.0
Barcelona El Prat,2022-10-24,27.0,18.7,0.0
Barcelona El Prat,2022-10-25,26.8,17.9,0.0
Barcelona El Prat,2022-10-26,26.3,18.0,0.0
Barcelona El Prat,2022-10-27,22.7,16.8,0.0
Barcelona El Prat,2022-10-28,22.9,15.9,0.0
Barcelona El Prat,2022-10-29,22.1,14.5,0.0
Barcelona El Prat,2022-10-30,23.9,15.6,0.0
Barcelona El Prat,2022-10-31,23.9,16.6,0.0
Barcelona El Prat,2022-11-01,24.9,17.3,0.0
Barcelona El Prat,2022-11-02,22.6,16.1,0.0
Barcelona El Prat,2022-11-03,24.0,15.8,0.0
Barcelona El Prat,2022-11-04,21.9,12.8,0.0
Barcelona El Prat,2022-11-05,20.6,12.1,0.0
Barcelona El Prat,2022-11-06,21.1,9.3,0.0
Barcelona El Prat,2022-11-07,21.4,10.8,0.0
Barcelona El Prat,2022-11-08,23.1,12.5,0.0
Barcelona El Prat,2022-11-09,23.5,13.2,23.0
Barcelona El Prat,2022-11-10,20.8,14.6,0.0
Barcelona El Prat,2022-11-11,21.4,13.6,0.0
Barcelona El Prat,2022-11-12,21.3,16.7,0.0
Barcelona El Prat,2022-11-13,20.5,12.4,0.0
Barcelona El Prat,2022-11-14,21.6,15.3,0.0
Barcelona El Prat,2022-11-15,20.9,14.8,0.0
Barcelona El Prat,2022-11-16,21.6,16.7,0.0
Barcelona El Prat,2022-11-17,23.4,16.9,0.0
Barcelona El Prat,2022-11-18,18.8,13.3,0.0
Barcelona El Prat,2022-11-19,17.4,9.3,0.0
Barcelona El Prat,2022-11-20,16.4,6.2,0.0
Barcelona El Prat,2022-11-21,16.6,11.0,0.2
Barcelona El Prat,2022-11-22,16.2,10.0,0.0
Barcelona El Prat,2022-11-23,23.8,11.7,0.0
Barcelona El Prat,2022-11-24,19.7,11.2,2.0
Barcelona El Prat,2022-11-25,19.9,10.7,3.3
Barcelona El Prat,2022-11-26,18.8,8.0,0.0
Barcelona El Prat,2022-11-27,17.8,6.4,0.0
Barcelona El Prat,2022-11-28,15.0,9.6,2.3
Barcelona El Prat,2022-11-29,16.1,8.3,0.0
Barcelona El Prat,2022-11-30,15.6,7.3,0.5
Barcelona El Prat,2022-12-01,15.1,8.2,0.0
Barcelona El Prat,2022-12-02,13.8,6.1,0.0
Barcelona El Prat,2022-12-03,14.8,3.7,2.2
Barcelona El Prat,2022-12-04,14.2,7.0,0.2
Barcelona El Prat,2022-12-05,14.6,4.4,0.0
Barcelona El Prat,2022-12-06,15.6,8.8,0.0
Barcelona El Prat,2022-12-07,15.1,8.2,0.0
Barcelona El Prat,2022-12-08,14.9,9.9,13.8
Barcelona El Prat,2022-12-09,19.8,11.6,0.2
Barcelona El Prat,2022-12-10,15.8,5.5,0.0
Barcelona El Prat,2022-12-11,9.8,5.2,4.0
Barcelona El Prat,2022-12-12,11.3,6.3,7.0
Barcelona El Prat,2022-12-13,16.1,8.4,1.9
Barcelona El Prat,2022-12-14,19.2,11.8,0.2
Barcelona El Prat,2022-12-15,18.0,11.7,0.2
Barcelona El Prat,2022-12-16,17.8,9.5,0.3
Barcelona El Prat,2022-12-17,15.3,9.0,0.0
Barcelona El Prat,2022-12-18,15.9,6.4,0.0
Barcelona El Prat,2022-12-19,17.4,8.4,0.0
Barcelona El Prat,2022-12-20,16.8,9.8,0.9
Barcelona El Prat,2022-12-21,17.6,9.9,0.0
Barcelona El Prat,2022-12-22,18.5,9.9,0.0
Barcelona El Prat,2022-12-23,21.4,11.9,0.0
Barcelona El Prat,2022-12-24,19.4,12.9,0.0
Barcelona El Prat,2022-12-25,17.4,8.5,0.0
Barcelona El Prat,2022-12-26,18.5,9.4,0.0
Barcelona El Prat,2022-12-27,17.7,8.1,0.0
Barcelona El Prat,2022-12-28,15.8,7.4,0.0
Barcelona El Prat,2022-12-29,17.6,6.8,0.0
Barcelona El Prat,2022-12-30,19.7,9.1,0.0
Barcelona El Prat,2022-12-31,19.5,10.0,0.0
Barcelona El Prat,2023-01-01,15.9,8.6,0.0
Barcelona El Prat,2023-01-02,15.0,7.0,0.0
Barcelona El Prat,2023-01-03,17.6,8.2,0.0
Barcelona El Prat,2023-01-04,16.1,7.5,0.0
Barcelona El Prat,2023-01-05,15.6,5.7,0.0
Barcelona El Prat,2023-01-06,15.4,4.3,0.0
Barcelona El Prat,2023-01-07,16.6,4.8,0.0
Barcelona El Prat,2023-01-08,15.8,9.1,0.0
Barcelona El Prat,2023-01-09,17.3,10.9,0.0
Barcelona El Prat,2023-01-10,15.2,6.1,0.0
Barcelona El Prat,2023-01-11,15.2,6.2,0.0
Barcelona El Prat,2023-01-12,14.7,6.5,0.0
Barcelona El Prat,2023-01-13,15.7,6.3,0.0
Barcelona El Prat,2023-01-14,16.0,5.0,0.0
Barcelona El Prat,2023-01-15,16.7,8.5,0.0
Barcelona El Prat,2023-01-16,16.6,6.8,0.0
Barcelona El Prat,2023-01-17,17.2,7.4,0.8
Barcelona El Prat,2023-01-18,13.0,6.2,0.0
Barcelona El Prat,2023-01-19,12.2,4.3,0.0
Barcelona El Prat,2023-01-20,14.2,4.1,0.0
Barcelona El Prat,2023-01-21,12.0,0.4,0.0
Barcelona El Prat,2023-01-22,10.4,-0.8,0.1
Barcelona El Prat,2023-01-23,10.0,0.1,0.0
Barcelona El Prat,2023-01-24,6.2,3.0,0.6
Barcelona El Prat,2023-01-25,14.3,4.1,0.0
Barcelona El Prat,2023-01-26,10.6,1.5,0.0
Barcelona El Prat,2023-01-27,10.7,2.5,0.0
Barcelona El Prat,2023-01-28,9.8,2.0,0.0
Barcelona El Prat,2023-01-29,10.8,3.7,0.0
Barcelona El Prat,2023-01-30,13.5,1.8,0.0
Barcelona El Prat,2023-01-31,12.4,3.7,0.0
Barcelona El Prat,2023-02-01,13.7,2.9,0.0
Barcelona El Prat,2023-02-02,15.6,4.1,0.0
Barcelona El Prat,2023-02-03,14.9,4.1,0.0
Barcelona El Prat,2023-02-04,20.9,5.5,0.0
Barcelona El Prat,2023-02-05,15.6,6.5,0.8
Barcelona El Prat,2023-02-06,11.6,6.3,0.2
Barcelona El Prat,2023-02-07,11.8,7.5,11.4
Barcelona El Prat,2023-02-08,10.8,7.7,0.6
Barcelona El Prat,2023-02-09,11.4,6.0,0.0
Barcelona El Prat,2023-02-10,12.7,3.5,0.0
Barcelona El Prat,2023-02-11,12.6,2.0,0.0
Barcelona El Prat,2023-02-12,12.6,1.8,0.0
Barcelona El Prat,2023-02-13,13.1,2.5,0.0
Barcelona El Prat,2023-02-14,13.2,3.8,0.0
Barcelona El Prat,2023-02-15,14.5,4.5,0.0
Barcelona El Prat,2023-02-16,14.5,4.9,0.0
Barcelona El Prat,2023-02-17,15.9,4.7,0.0
Barcelona El Prat,2023-02-18,15.5,6.0,0.0
Barcelona El Prat,2023-02-19,15.8,6.6,0.0
Barcelona El Prat,2023-02-20,16.5,7.7,0.0
Barcelona El Prat,2023-02-21,15.5,7.1,0.0
Barcelona El Prat,2023-02-22,14.9,8.9,0.0
Barcelona El Prat,2023-02-23,13.7,8.7,7.4
Barcelona El Prat,2023-02-24,13.4,7.1,0.0
Barcelona El Prat,2023-02-25,15.0,5.9,0.0
Barcelona El Prat,2023-02-26,12.9,3.1,23.3
Barcelona El Prat,2023-02-27,8.9,1.4,0.4
Barcelona El Prat,2023-02-28,13.8,4.4,0.0
Barcelona El Prat,2023-03-01,10.5,1.7,0.0
Barcelona El Prat,2023-03-02,12.9,3.8,0.0
Barcelona El Prat,2023-03-03,12.7,3.1,0.0
Barcelona El Prat,2023-03-04,13.3,4.9,0.0
Barcelona El Prat,2023-03-05,14.4,3.5,0.0
Barcelona El Prat,2023-03-06,14.1,6.7,0.0
Barcelona El Prat,2023-03-07,17.0,5.8,0.0
Barcelona El Prat,2023-03-08,21.7,8.8,0.0
Barcelona El Prat,2023-03-09,21.7,13.2,1.4
Barcelona El Prat,2023-03-10,24.4,12.9,0.0
Barcelona El Prat,2023-03-11,26.6,14.6,0.0
Barcelona El Prat,2023-03-12,18.1,11.8,0.0
Barcelona El Prat,2023-03-13,20.5,11.7,0.0
Barcelona El Prat,2023-03-14,22.4,11.4,0.0
Barcelona El Prat,2023-03-15,17.2,9.1,0.0
Barcelona El Prat,2023-03-16,16.7,8.3,0.0
Barcelona El Prat,2023-03-17,16.7,12.0,0.0
Barcelona El Prat,2023-03-18,16.9,10.8,0.0
Barcelona El Prat,2023-03-19,17.0,10.5,0.0
Barcelona El Prat,2023-03-20,16.3,8.9,0.0
Barcelona El Prat,2023-03-21,16.6,9.7,0.0
Barcelona El Prat,2023-03-22,17.0,9.4,0.0
Barcelona El Prat,2023-03-23,17.3,12.2,0.0
Barcelona El Prat,2023-03-24,22.8,10.6,0.0
Barcelona El Prat,2023-03-25,17.5,9.7,0.0
Barcelona El Prat,2023-03-26,26.1,11.0,0.0
Barcelona El Prat,2023-03-27,18.3,11.8,0.0
Barcelona El Prat,2023-03-28,16.7,12.5,0.0
Barcelona El Prat,2023-03-29,18.0,11.4,0.0
Barcelona El Prat,2023-03-30,17.3,10.8,0.0
Barcelona El Prat,2023-03-31,26.0,12.0,0.0
Barcelona El Prat,2023-04-01,23.6,11.0,0.6
Barcelona El Prat,2023-04-02,21.0,8.3,0.1
Barcelona El Prat,2023-04-03,16.5,9.8,0.0
Barcelona El Prat,2023-04-04,15.6,8.0,0.0
Barcelona El Prat,2023-04-05,16.9,7.5,0.0
Barcelona El Prat,2023-04-06,17.1,8.8,0.0
Barcelona El Prat,2023-04-07,17.4,8.7,0.0
Barcelona El Prat,2023-04-08,16.5,9.5,0.0
Barcelona El Prat,2023-04-09,17.5,9.5,0.0
Barcelona El Prat,2023-04-10,18.2,11.2,0.0
Barcelona El Prat,2023-04-11,18.0,10.9,0.0
Barcelona El Prat,2023-04-12,20.4,11.0,0.0
Barcelona El Prat,2023-04-13,21.8,11.2,0.0
Barcelona El Prat,2023-04-14,19.5,9.8,0.0
Barcelona El Prat,2023-04-15,19.8,10.3,0.0
Barcelona El Prat,2023-04-16,19.4,10.0,0.0
Barcelona El Prat,2023-04-17,19.0,9.0,0.0
Barcelona El Prat,2023-04-18,18.4,11.6,0.0
Barcelona El Prat,2023-04-19,18.5,10.0,0.0
Barcelona El Prat,2023-04-20,18.9,10.2,0.0
Barcelona El Prat,2023-04-21,19.7,13.8,0.0
Barcelona El Prat,2023-04-22,20.3,12.7,0.0
Barcelona El Prat,2023-04-23,20.0,15.1,0.3
Barcelona El Prat,2023-04-24,19.5,14.1,0.0
Barcelona El Prat,2023-04-25,19.8,14.3,0.0
Barcelona El Prat,2023-04-26,19.7,14.4,0.0
Barcelona El Prat,2023-04-27,22.7,14.1,0.0
Barcelona El Prat,2023-04-28,22.4,14.4,0.0
Barcelona El Prat,2023-04-29,21.3,15.3,3.5
Barcelona El Prat,2023-04-30,22.3,16.6,0.1
Barcelona El Prat,2023-05-01,21.3,15.2,0.0
Barcelona El Prat,2023-05-02,21.8,13.5,0.0
Barcelona El Prat,2023-05-03,20.9,14.1,0.0
Barcelona El Prat,2023-05-04,21.3,14.7,0.0
Barcelona El Prat,2023-05-05,22.0,14.5,0.0
Barcelona El Prat,2023-05-06,21.7,15.0,0.0
Barcelona El Prat,2023-05-07,21.3,17.6,0.0
Barcelona El Prat,2023-05-08,23.1,16.4,0.0
Barcelona El Prat,2023-05-09,22.5,15.8,0.1
Barcelona El Prat,2023-05-10,21.3,16.5,0.0
Barcelona El Prat,2023-05-11,19.4,14.4,0.0
Barcelona El Prat,2023-05-12,19.0,11.6,0.4
Barcelona El Prat,2023-05-13,20.2,10.8,1.6
Barcelona El Prat,2023-05-14,19.9,11.8,5.7
Barcelona El Prat,2023-05-15,23.0,14.0,0.1
Barcelona El Prat,2023-05-16,21.9,13.8,0.0
Barcelona El Prat,2023-05-17,20.6,12.0,0.0
Barcelona El Prat,2023-05-18,20.1,13.1,0.0
Barcelona El Prat,2023-05-19,21.2,14.3,2.8
Barcelona El Prat,2023-05-20,22.3,13.7,0.0
Barcelona El Prat,2023-05-21,20.1,13.0,0.0
Barcelona El Prat,2023-05-22,23.1,16.6,0.0
Barcelona El Prat,2023-05-23,23.5,15.3,0.0
Barcelona El Prat,2023-05-24,25.1,15.8,0.7
Barcelona El Prat,2023-05-25,18.4,15.3,8.8
Barcelona El Prat,2023-05-26,20.6,14.1,0.0
Barcelona El Prat,2023-05-27,24.5,16.2,0.0
Barcelona El Prat,2023-05-28,23.6,16.6,0.0
Barcelona El Prat,2023-05-29,23.0,17.4,0.0
Barcelona El Prat,2023-05-30,23.2,16.7,0.0
Barcelona El Prat,2023-05-31,25.3,17.4,2.7
Barcelona El Prat,2023-06-01,22.8,17.7,0.0
Barcelona El Prat,2023-06-02,22.8,16.2,0.0
Barcelona El Prat,2023-06-03,23.2,17.0,0.0
Barcelona El Prat,2023-06-04,23.4,16.8,0.0
Barcelona El Prat,2023-06-05,24.2,17.3,0.0
Barcelona El Prat,2023-06-06,25.0,18.1,0.0
Barcelona El Prat,2023-06-07,24.6,18.6,0.0
Barcelona El Prat,2023-06-08,25.0,19.1,0.0
Barcelona El Prat,2023-06-09,25.9,21.1,0.0
Barcelona El Prat,2023-06-10,25.5,20.2,0.0
Barcelona El Prat,2023-06-11,28.9,20.9,1.3
Barcelona El Prat,2023-06-12,27.7,19.8,0.0
Barcelona El Prat,2023-06-13,27.0,19.8,0.0
Barcelona El Prat,2023-06-14,26.8,18.4,0.0
Barcelona El Prat,2023-06-15,27.2,20.1,0.0
Barcelona El Prat,2023-06-16,28.0,20.0,0.0
Barcelona El Prat,2023-06-17,27.9,19.9,0.0
Barcelona El Prat,2023-06-18,28.5,21.4,0.0
Barcelona El Prat,2023-06-19,29.4,20.3,0.7
Barcelona El Prat,2023-06-20,28.2,21.3,0.0
Barcelona El Prat,2023-06-21,28.5,22.9,0.0
Barcelona El Prat,2023-06-22,30.3,21.8,0.0
Barcelona El Prat,2023-06-23,27.9,22.0,0.0
Barcelona El Prat,2023-06-24,28.3,21.7,0.0
Barcelona El Prat,2023-06-25,27.8,21.7,0.0
Barcelona El Prat,2023-06-26,28.3,22.7,0.0
Barcelona El Prat,2023-06-27,28.5,23.4,0.0
Barcelona El Prat,2023-06-28,28.4,23.3,0.0
Barcelona El Prat,2023-06-29,28.7,19.7,5.8
Barcelona El Prat,2023-06-30,26.5,18.6,0.0
Barcelona El Prat,2023-07-01,26.6,20.3,0.0
Barcelona El Prat,2023-07-02,28.1,21.4,0.0
Barcelona El Prat,2023-07-03,27.9,22.1,0.0
Barcelona El Prat,2023-07-04,28.0,21.7,0.0
Barcelona El Prat,2023-07-05,26.3,22.7,0.7
Barcelona El Prat,2023-07-06,28.3,22.0,0.0
Barcelona El Prat,2023-07-07,28.8,22.2,0.0
Barcelona El Prat,2023-07-08,30.3,23.0,0.0
Barcelona El Prat,2023-07-09,29.2,22.8,0.0
Barcelona El Prat,2023-07-10,29.5,24.2,0.0
Barcelona El Prat,2023-07-11,30.5,24.5,0.0
Barcelona El Prat,2023-07-12,28.6,24.6,0.0
Barcelona El Prat,2023-07-13,29.7,24.2,0.0
Barcelona El Prat,2023-07-14,30.4,24.7,0.0
Barcelona El Prat,2023-07-15,30.3,24.2,0.0
Barcelona El Prat,2023-07-16,28.8,25.3,0.0
Barcelona El Prat,2023-07-17,29.4,24.6,0.0
Barcelona El Prat,2023-07-18,29.8,23.4,0.0
Barcelona El Prat,2023-07-19,31.1,25.4,0.0
Barcelona El Prat,2023-07-20,29.8,24.3,0.0
Barcelona El Prat,2023-07-21,28.8,25.6,0.0
Barcelona El Prat,2023-07-22,28.7,24.2,0.0
Barcelona El Prat,2023-07-23,29.8,23.8,0.1
Barcelona El Prat,2023-07-24,30.1,24.9,0.0
Barcelona El Prat,2023-07-25,32.5,24.1,0.0
Barcelona El Prat,2023-07-26,26.8,23.0,0.0
Barcelona El Prat,2023-07-27,29.2,21.8,0.9
Barcelona El Prat,2023-07-28,29.4,20.7,0.0
Barcelona El Prat,2023-07-29,30.1,23.3,0.0
Barcelona El Prat,2023-07-30,30.1,25.1,0.0
Barcelona El Prat,2023-07-31,29.5,23.5,0.2
Barcelona El Prat,2023-08-01,31.6,25.1,0.0
Barcelona El Prat,2023-08-02,31.2,24.7,0.0
Barcelona El Prat,2023-08-03,27.4,21.4,18.6
Barcelona El Prat,2023-08-04,27.4,18.9,0.0
Barcelona El Prat,2023-08-05,28.3,20.1,0.0
Barcelona El Prat,2023-08-06,26.7,21.8,0.0
Barcelona El Prat,2023-08-07,26.8,23.2,0.2
Barcelona El Prat,2023-08-08,28.7,21.9,0.0
Barcelona El Prat,2023-08-09,29.0,22.3,0.0
Barcelona El Prat,2023-08-10,29.7,24.1,0.0
Barcelona El Prat,2023-08-11,30.8,23.2,0.0
Barcelona El Prat,2023-08-12,28.9,23.9,0.0
Barcelona El Prat,2023-08-13,29.2,23.7,0.0
Barcelona El Prat,2023-08-14,30.4,23.0,0.0
Barcelona El Prat,2023-08-15,30.1,23.2,0.0
Barcelona El Prat,2023-08-16,29.8,23.6,0.0
Barcelona El Prat,2023-08-17,30.3,24.3,0.0
Barcelona El Prat,2023-08-18,29.4,23.5,0.0
Barcelona El Prat,2023-08-19,30.6,24.3,0.0
Barcelona El Prat,2023-08-20,32.7,24.3,0.0
Barcelona El Prat,2023-08-21,34.2,26.3,0.0
Barcelona El Prat,2023-08-22,32.3,26.2,0.0
Barcelona El Prat,2023-08-23,35.1,26.7,0.0
Barcelona El Prat,2023-08-24,32.1,26.8,0.0
Barcelona El Prat,2023-08-25,31.4,25.6,0.0
Barcelona El Prat,2023-08-26,29.8,21.9,13.9
Barcelona El Prat,2023-08-27,28.1,18.1,19.7
Barcelona El Prat,2023-08-28,30.9,17.2,0.0
Barcelona El Prat,2023-08-29,26.8,18.5,7.0
Barcelona El Prat,2023-08-30,25.4,18.3,3.9
Barcelona El Prat,2023-08-31,27.6,20.2,0.0
Barcelona El Prat,2023-09-01,28.1,20.5,0.0
Barcelona El Prat,2023-09-02,26.5,23.0,0.0
Barcelona El Prat,2023-09-03,29.2,23.4,0.0
Barcelona El Prat,2023-09-04,30.8,25.0,0.0
Barcelona El Prat,2023-09-05,28.4,22.7,0.0
Barcelona El Prat,2023-09-06,27.8,21.6,0.0
Barcelona El Prat,2023-09-07,26.6,19.5,0.0
Barcelona El Prat,2023-09-08,26.8,18.9,0.0
Barcelona El Prat,2023-09-09,26.5,18.7,0.0
Barcelona El Prat,2023-09-10,26.8,19.3,0.0
Barcelona El Prat,2023-09-11,27.2,20.1,0.0
Barcelona El Prat,2023-09-12,28.1,21.0,0.0
Barcelona El Prat,2023-09-13,28.1,21.8,0.0
Barcelona El Prat,2023-09-14,27.7,20.4,0.0
Barcelona El Prat,2023-09-15,26.0,19.7,26.4
Barcelona El Prat,2023-09-16,27.0,19.3,0.0
Barcelona El Prat,2023-09-17,28.8,21.4,1.2
Barcelona El Prat,2023-09-18,28.5,22.9,0.0
Barcelona El Prat,2023-09-19,26.1,19.5,11.2
Barcelona El Prat,2023-09-20,24.5,18.8,0.0
Barcelona El Prat,2023-09-21,26.8,18.6,0.0
Barcelona El Prat,2023-09-22,27.3,19.3,0.0
Barcelona El Prat,2023-09-23,24.0,16.1,0.0
Barcelona El Prat,2023-09-24,25.4,16.2,0.0
Barcelona El Prat,2023-09-25,24.8,17.4,0.0
Barcelona El Prat,2023-09-26,25.4,17.5,0.0
Barcelona El Prat,2023-09-27,25.8,17.7,0.0
Barcelona El Prat,2023-09-28,26.3,19.1,0.0
Barcelona El Prat,2023-09-29,27.0,19.7,0.0
Barcelona El Prat,2023-09-30,28.9,19.7,0.0
Barcelona El Prat,2023-10-01,26.6,19.9,0.0
Barcelona El Prat,2023-10-02,26.3,19.9,0.0
Barcelona El Prat,2023-10-03,26.3,19.4,0.0
Barcelona El Prat,2023-10-04,27.3,21.0,0.0
Barcelona El Prat,2023-10-05,27.3,20.4,0.0
Barcelona El Prat,2023-10-06,26.7,19.7,0.0
Barcelona El Prat,2023-10-07,26.8,19.5,0.0
Barcelona El Prat,2023-10-08,26.1,18.5,0.0
Barcelona El Prat,2023-10-09,25.6,18.4,0.0
Barcelona El Prat,2023-10-10,26.0,17.5,0.0
Barcelona El Prat,2023-10-11,25.4,17.0,0.0
Barcelona El Prat,2023-10-12,25.4,17.3,0.0
Barcelona El Prat,2023-10-13,25.8,17.7,0.0
Barcelona El Prat,2023-10-14,26.5,18.7,0.0
Barcelona El Prat,2023-10-15,21.8,18.9,53.6
Barcelona El Prat,2023-10-16,20.7,17.3,10.0
Barcelona El Prat,2023-10-17,24.7,16.6,0.0
Barcelona El Prat,2023-10-18,26.8,19.5,0.0
Barcelona El Prat,2023-10-19,25.0,17.1,3.6
Barcelona El Prat,2023-10-20,24.2,16.5,0.0
Barcelona El Prat,2023-10-21,21.6,13.9,0.0
Barcelona El Prat,2023-10-22,21.2,11.0,0.0
Barcelona El Prat,2023-10-23,24.4,17.6,18.1
Barcelona El Prat,2023-10-24,22.7,15.3,0.0
Barcelona El Prat,2023-10-25,24.7,15.8,0.0
Barcelona El Prat,2023-10-26,23.5,19.5,0.0
Barcelona El Prat,2023-10-27,23.5,16.1,0.0
Barcelona El Prat,2023-10-28,22.8,14.7,0.0
Barcelona El Prat,2023-10-29,22.3,13.2,0.0
Barcelona El Prat,2023-10-30,21.6,14.6,0.4
Barcelona El Prat,2023-10-31,19.4,12.1,0.0
Barcelona El Prat,2023-11-01,20.3,10.5,0.0
Barcelona El Prat,2023-11-02,21.7,12.7,0.6
Barcelona El Prat,2023-11-03,20.0,11.8,0.0
Barcelona El Prat,2023-11-04,20.1,12.2,0.1
Barcelona El Prat,2023-11-05,21.3,12.7,0.0
Barcelona El Prat,2023-11-06,20.3,10.4,0.0
Barcelona El Prat,2023-11-07,16.6,7.6,0.0
Barcelona El Prat,2023-11-08,16.3,7.5,0.4
Barcelona El Prat,2023-11-09,16.6,10.8,0.2
Barcelona El Prat,2023-11-10,20.7,12.2,0.0
Barcelona El Prat,2023-11-11,18.1,12.2,0.1
Barcelona El Prat,2023-11-12,21.7,14.5,0.0
Barcelona El Prat,2023-11-13,22.1,12.0,0.0
Barcelona El Prat,2023-11-14,23.3,13.8,0.0
Barcelona El Prat,2023-11-15,19.0,14.5,0.0
Barcelona El Prat,2023-11-16,19.4,14.2,0.0
Barcelona El Prat,2023-11-17,19.1,12.8,0.0
Barcelona El Prat,2023-11-18,18.5,12.0,0.0
Barcelona El Prat,2023-11-19,16.8,10.6,0.0
Barcelona El Prat,2023-11-20,18.2,9.7,0.0
Barcelona El Prat,2023-11-21,17.4,11.7,0.0
Barcelona El Prat,2023-11-22,20.4,8.4,0.0
Barcelona El Prat,2023-11-23,17.5,6.6,0.0
Barcelona El Prat,2023-11-24,21.2,9.1,0.0
Barcelona El Prat,2023-11-25,16.0,10.3,0.0
Barcelona El Prat,2023-11-26,15.0,9.9,0.0
Barcelona El Prat,2023-11-27,15.9,8.3,0.0
Barcelona El Prat,2023-11-28,18.1,10.1,0.0
Barcelona El Prat,2023-11-29,15.4,10.5,0.0
Barcelona El Prat,2023-11-30,21.0,9.9,0.0
Barcelona El Prat,2023-12-01,18.9,10.3,0.0
Barcelona El Prat,2023-12-02,15.2,8.5,0.0
Barcelona El Prat,2023-12-03,13.5,6.3,0.0
Barcelona El Prat,2023-12-04,14.9,7.3,0.0
Barcelona El Prat,2023-12-05,14.0,7.2,0.0
Barcelona El Prat,2023-12-06,14.2,6.4,0.0
Barcelona El Prat,2023-12-07,15.2,4.7,1.1
Barcelona El Prat,2023-12-08,16.6,9.8,0.0
Barcelona El Prat,2023-12-09,16.7,7.9,0.0
Barcelona El Prat,2023-12-10,19.1,9.5,0.0
Barcelona El Prat,2023-12-11,20.0,10.8,0.0
Barcelona El Prat,2023-12-12,18.0,9.0,0.0
Barcelona El Prat,2023-12-13,18.0,8.0,0.0
Barcelona El Prat,2023-12-14,18.0,8.0,0.0
Barcelona El Prat,2023-12-15,17.0,8.0,0.0
Barcelona El Prat,2023-12-16,15.0,6.0,0.0
Barcelona El Prat,2023-12-17,13.7,3.6,0.0
Barcelona El Prat,2023-12-18,14.4,2.7,0.0
Barcelona El Prat,2023-12-19,17.9,6.0,0.0
Barcelona El Prat,2023-12-20,14.3,5.8,0.0
Barcelona El Prat,2023-12-21,15.9,6.1,0.0
Barcelona El Prat,2023-12-22,18.9,10.4,0.0
Barcelona El Prat,2023-12-23,15.6,8.1,0.0
Barcelona El Prat,2023-12-24,14.8,5.8,0.0
Barcelona El Prat,2023-12-25,14.8,4.3,0.0
Barcelona El Prat,2023-12-26,15.5,4.7,0.0
Barcelona El Prat,2023-12-27,16.0,3.9,0.0
Barcelona El Prat,2023-12-28,15.0,3.5,0.0
Barcelona El Prat,2023-12-29,14.2,6.2,0.0
Barcelona El Prat,2023-12-30,15.8,4.3,0.0
Barcelona El Prat,2023-12-31,17.2,6.0,0.0
Barcelona Fabra,2021-01-01,6.6,3.3,1.2
Barcelona Fabra,2021-01-02,7.4,0.4,0.0
Barcelona Fabra,2021-01-03,9.4,0.3,0.0
Barcelona Fabra,2021-01-04,8.9,0.8,0.0
Barcelona Fabra,2021-01-05,8.7,0.7,0.0
Barcelona Fabra,2021-01-06,8.8,1.0,0.3
Barcelona Fabra,2021-01-07,5.1,1.8,0.0
Barcelona Fabra,2021-01-08,4.8,-0.2,4.5
Barcelona Fabra,2021-01-09,4.1,0.5,10.4
Barcelona Fabra,2021-01-10,5.2,2.3,4.6
Barcelona Fabra,2021-01-11,8.4,-0.5,0.0
Barcelona Fabra,2021-01-12,5.5,-0.2,0.0
Barcelona Fabra,2021-01-13,9.5,1.9,0.0
Barcelona Fabra,2021-01-14,8.6,2.6,0.0
Barcelona Fabra,2021-01-15,9.2,3.4,0.0
Barcelona Fabra,2021-01-16,12.0,4.1,0.0
Barcelona Fabra,2021-01-17,14.9,5.3,0.0
Barcelona Fabra,2021-01-18,10.9,7.3,0.0
Barcelona Fabra,2021-01-19,14.2,6.4,0.0
Barcelona Fabra,2021-01-20,10.3,7.9,0.0
Barcelona Fabra,2021-01-21,14.4,7.8,2.0
Barcelona Fabra,2021-01-22,12.7,6.0,4.8
Barcelona Fabra,2021-01-23,13.2,5.9,0.0
Barcelona Fabra,2021-01-24,14.8,8.0,0.0
Barcelona Fabra,2021-01-25,13.0,6.7,0.2
Barcelona Fabra,2021-01-26,13.1,5.5,0.0
Barcelona Fabra,2021-01-27,17.6,7.1,0.0
Barcelona Fabra,2021-01-28,18.9,11.7,0.0
Barcelona Fabra,2021-01-29,20.2,11.9,0.0
Barcelona Fabra,2021-01-30,17.4,7.8,0.1
Barcelona Fabra,2021-01-31,15.5,7.7,0.1
Barcelona Fabra,2021-02-01,18.2,11.0,0.0
Barcelona Fabra,2021-02-02,20.1,10.9,0.0
Barcelona Fabra,2021-02-03,20.2,11.2,0.0
Barcelona Fabra,2021-02-04,17.2,9.2,0.0
Barcelona Fabra,2021-02-05,14.2,8.1,0.0
Barcelona Fabra,2021-02-06,17.1,9.8,0.6
Barcelona Fabra,2021-02-07,11.4,6.1,2.0
Barcelona Fabra,2021-02-08,10.2,6.9,3.8
Barcelona Fabra,2021-02-09,12.0,6.7,2.0
Barcelona Fabra,2021-02-10,13.9,7.2,0.5
Barcelona Fabra,2021-02-11,17.1,6.8,0.0
Barcelona Fabra,2021-02-12,16.4,8.9,0.4
Barcelona Fabra,2021-02-13,16.3,7.3,6.5
Barcelona Fabra,2021-02-14,9.4,4.9,3.0
Barcelona Fabra,2021-02-15,8.3,5.4,0.6
Barcelona Fabra,2021-02-16,13.9,7.9,0.0
Barcelona Fabra,2021-02-17,16.4,7.8,0.0
Barcelona Fabra,2021-02-18,15.6,6.6,0.0
Barcelona Fabra,2021-02-19,16.2,7.2,0.0
Barcelona Fabra,2021-02-20,15.7,6.1,0.0
Barcelona Fabra,2021-02-21,11.8,8.4,0.5
Barcelona Fabra,2021-02-22,11.9,9.4,10.6
Barcelona Fabra,2021-02-23,16.1,10.2,0.0
Barcelona Fabra,2021-02-24,17.7,9.2,0.0
Barcelona Fabra,2021-02-25,16.6,9.1,0.0
Barcelona Fabra,2021-02-26,15.8,9.5,0.0
Barcelona Fabra,2021-02-27,16.3,8.6,0.0
Barcelona Fabra,2021-02-28,14.2,8.3,0.0
Barcelona Fabra,2021-03-01,13.0,8.5,0.0
Barcelona Fabra,2021-03-02,13.9,8.9,0.0
Barcelona Fabra,2021-03-03,15.5,9.1,0.0
Barcelona Fabra,2021-03-04,14.3,8.8,0.0
Barcelona Fabra,2021-03-05,14.8,8.9,0.0
Barcelona Fabra,2021-03-06,14.3,8.6,0.0
Barcelona Fabra,2021-03-07,12.4,8.3,0.9
Barcelona Fabra,2021-03-08,11.0,8.2,1.6
Barcelona Fabra,2021-03-09,15.3,6.4,1.0
Barcelona Fabra,2021-03-10,16.1,5.2,0.0
Barcelona Fabra,2021-03-11,19.7,8.2,0.0
Barcelona Fabra,2021-03-12,15.4,7.7,0.2
Barcelona Fabra,2021-03-13,17.8,7.9,0.0
Barcelona Fabra,2021-03-14,15.9,8.0,0.0
Barcelona Fabra,2021-03-15,18.1,5.6,0.0
Barcelona Fabra,2021-03-16,17.7,7.0,0.0
Barcelona Fabra,2021-03-17,17.6,9.0,0.0
Barcelona Fabra,2021-03-18,16.4,4.2,3.9
Barcelona Fabra,2021-03-19,9.8,4.0,1.0
Barcelona Fabra,2021-03-20,13.4,4.4,0.0
Barcelona Fabra,2021-03-21,16.4,4.2,0.0
Barcelona Fabra,2021-03-22,18.9,6.5,0.0
Barcelona Fabra,2021-03-23,18.2,7.3,0.0
Barcelona Fabra,2021-03-24,19.5,10.6,0.0
Barcelona Fabra,2021-03-25,19.2,9.1,0.0
Barcelona Fabra,2021-03-26,17.6,8.5,0.1
Barcelona Fabra,2021-03-27,17.5,9.3,0.0
Barcelona Fabra,2021-03-28,18.5,8.8,0.0
Barcelona Fabra,2021-03-29,18.5,10.5,0.0
Barcelona Fabra,2021-03-30,19.4,11.4,0.0
Barcelona Fabra,2021-03-31,19.9,10.4,0.0
Barcelona Fabra,2021-04-01,21.1,10.8,0.0
Barcelona Fabra,2021-04-02,18.9,11.1,0.0
Barcelona Fabra,2021-04-03,23.3,12.0,0.2
Barcelona Fabra,2021-04-04,19.8,10.4,0.0
Barcelona Fabra,2021-04-05,20.4,11.2,0.0
Barcelona Fabra,2021-04-06,15.4,9.1,4.6
Barcelona Fabra,2021-04-07,12.9,5.0,0.0
Barcelona Fabra,2021-04-08,15.5,6.7,0.0
Barcelona Fabra,2021-04-09,14.2,7.4,0.3
Barcelona Fabra,2021-04-10,11.3,9.4,2.1
Barcelona Fabra,2021-04-11,13.2,9.1,12.6
Barcelona Fabra,2021-04-12,15.2,4.7,0.0
Barcelona Fabra,2021-04-13,16.0,7.3,0.0
Barcelona Fabra,2021-04-14,16.0,7.8,0.0
Barcelona Fabra,2021-04-15,16.1,8.2,1.0
Barcelona Fabra,2021-04-16,15.5,5.0,1.9
Barcelona Fabra,2021-04-17,14.2,5.1,0.0
Barcelona Fabra,2021-04-18,17.6,6.5,0.0
Barcelona Fabra,2021-04-19,17.4,8.3,0.0
Barcelona Fabra,2021-04-20,16.3,9.6,19.5
Barcelona Fabra,2021-04-21,11.7,8.4,0.0
Barcelona Fabra,2021-04-22,16.2,7.9,0.0
Barcelona Fabra,2021-04-23,19.2,9.0,0.0
Barcelona Fabra,2021-04-24,20.1,10.0,0.0
Barcelona Fabra,2021-04-25,20.2,11.8,2.0
Barcelona Fabra,2021-04-26,18.5,10.0,3.5
Barcelona Fabra,2021-04-27,18.3,10.4,1.5
Barcelona Fabra,2021-04-28,17.6,11.3,0.6
Barcelona Fabra,2021-04-29,17.0,12.0,8.0
Barcelona Fabra,2021-04-30,19.7,11.8,15.9
Barcelona Fabra,2021-05-01,17.3,10.0,5.8
Barcelona Fabra,2021-05-02,14.2,8.7,3.0
Barcelona Fabra,2021-05-03,18.9,9.2,0.0
Barcelona Fabra,2021-05-04,19.9,10.6,0.0
Barcelona Fabra,2021-05-05,22.4,11.3,0.0
Barcelona Fabra,2021-05-06,21.0,12.4,0.0
Barcelona Fabra,2021-05-07,22.5,13.5,0.0
Barcelona Fabra,2021-05-08,22.6,13.6,0.0
Barcelona Fabra,2021-05-09,21.3,13.6,1.8
Barcelona Fabra,2021-05-10,20.5,13.0,4.7
Barcelona Fabra,2021-05-11,20.6,9.8,2.0
Barcelona Fabra,2021-05-12,22.4,10.7,0.0
Barcelona Fabra,2021-05-13,23.2,10.6,0.7
Barcelona Fabra,2021-05-14,21.0,11.7,0.0
Barcelona Fabra,2021-05-15,24.9,12.2,0.0
Barcelona Fabra,2021-05-16,27.3,13.6,0.0
Barcelona Fabra,2021-05-17,20.4,12.4,0.0
Barcelona Fabra,2021-05-18,20.1,12.3,0.0
Barcelona Fabra,2021-05-19,19.1,12.2,0.1
Barcelona Fabra,2021-05-20,21.9,12.7,0.0
Barcelona Fabra,2021-05-21,21.1,13.1,0.0
Barcelona Fabra,2021-05-22,21.0,12.1,0.0
Barcelona Fabra,2021-05-23,17.9,12.2,0.3
Barcelona Fabra,2021-05-24,23.7,11.6,0.0
Barcelona Fabra,2021-05-25,19.6,12.1,0.0
Barcelona Fabra,2021-05-26,21.4,11.7,0.0
Barcelona Fabra,2021-05-27,24.9,13.6,0.0
Barcelona Fabra,2021-05-28,26.5,16.6,0.0
Barcelona Fabra,2021-05-29,28.7,18.5,0.0
Barcelona Fabra,2021-05-30,28.0,17.4,0.0
Barcelona Fabra,2021-05-31,26.7,16.6,0.0
Barcelona Fabra,2021-06-01,26.0,16.7,2.5
Barcelona Fabra,2021-06-02,25.4,15.4,0.0
Barcelona Fabra,2021-06-03,24.0,15.8,0.0
Barcelona Fabra,2021-06-04,24.3,16.7,0.0
Barcelona Fabra,2021-06-05,24.3,15.6,3.5
Barcelona Fabra,2021-06-06,24.9,15.6,0.0
Barcelona Fabra,2021-06-07,26.8,15.0,0.0
Barcelona Fabra,2021-06-08,28.7,17.1,0.0
Barcelona Fabra,2021-06-09,30.4,19.1,0.0
Barcelona Fabra,2021-06-10,29.7,19.9,0.0
Barcelona Fabra,2021-06-11,30.9,21.5,0.0
Barcelona Fabra,2021-06-12,32.8,22.1,0.0
Barcelona Fabra,2021-06-13,32.3,23.2,0.0
Barcelona Fabra,2021-06-14,33.9,23.9,0.0
Barcelona Fabra,2021-06-15,33.7,23.2,0.0
Barcelona Fabra,2021-06-16,32.6,21.7,0.0
Barcelona Fabra,2021-06-17,23.8,19.8,0.4
Barcelona Fabra,2021-06-18,29.5,18.5,0.0
Barcelona Fabra,2021-06-19,27.1,19.5,0.0
Barcelona Fabra,2021-06-20,28.8,20.5,0.0
Barcelona Fabra,2021-06-21,29.4,19.8,0.0
Barcelona Fabra,2021-06-22,27.6,18.0,0.1
Barcelona Fabra,2021-06-23,26.1,14.4,1.2
Barcelona Fabra,2021-06-24,27.0,14.6,0.0
Barcelona Fabra,2021-06-25,26.2,17.0,0.0
Barcelona Fabra,2021-06-26,28.3,17.6,0.1
Barcelona Fabra,2021-06-27,29.6,18.4,0.0
Barcelona Fabra,2021-06-28,28.2,18.8,0.0
Barcelona Fabra,2021-06-29,23.7,18.1,0.0
Barcelona Fabra,2021-06-30,26.1,18.1,0.0
Barcelona Fabra,2021-07-01,28.5,19.0,0.0
Barcelona Fabra,2021-07-02,30.5,19.5,0.0
Barcelona Fabra,2021-07-03,29.7,19.5,0.0
Barcelona Fabra,2021-07-04,30.2,19.2,0.0
Barcelona Fabra,2021-07-05,30.5,19.3,0.0
Barcelona Fabra,2021-07-06,31.2,20.7,0.0
Barcelona Fabra,2021-07-07,28.7,19.9,0.0
Barcelona Fabra,2021-07-08,29.7,17.8,0.0
Barcelona Fabra,2021-07-09,27.4,18.3,0.0
Barcelona Fabra,2021-07-10,29.4,18.8,0.0
Barcelona Fabra,2021-07-11,29.0,20.6,0.0
Barcelona Fabra,2021-07-12,27.1,18.7,0.0
Barcelona Fabra,2021-07-13,27.6,14.3,0.0
Barcelona Fabra,2021-07-14,28.2,15.5,0.0
Barcelona Fabra,2021-07-15,27.9,18.0,0.0
Barcelona Fabra,2021-07-16,28.8,18.4,0.0
Barcelona Fabra,2021-07-17,29.7,18.8,0.0
Barcelona Fabra,2021-07-18,31.5,19.6,0.0
Barcelona Fabra,2021-07-19,31.9,23.1,0.0
Barcelona Fabra,2021-07-20,31.4,22.6,0.0
Barcelona Fabra,2021-07-21,33.1,23.0,0.0
Barcelona Fabra,2021-07-22,33.6,23.8,0.0
Barcelona Fabra,2021-07-23,33.6,24.2,0.0
Barcelona Fabra,2021-07-24,31.0,21.9,0.0
Barcelona Fabra,2021-07-25,30.4,20.7,0.0
Barcelona Fabra,2021-07-26,28.4,20.5,0.0
Barcelona Fabra,2021-07-27,29.9,19.8,0.0
Barcelona Fabra,2021-07-28,30.6,19.7,0.0
Barcelona Fabra,2021-07-29,30.3,19.9,0.0
Barcelona Fabra,2021-07-30,30.4,20.7,0.0
Barcelona Fabra,2021-07-31,28.9,15.0,9.0
Barcelona Fabra,2021-08-01,26.3,14.1,0.0
Barcelona Fabra,2021-08-02,27.2,17.0,0.0
Barcelona Fabra,2021-08-03,27.6,19.6,0.0
Barcelona Fabra,2021-08-04,29.5,17.2,0.7
Barcelona Fabra,2021-08-05,29.5,18.4,0.0
Barcelona Fabra,2021-08-06,28.3,20.5,0.2
Barcelona Fabra,2021-08-07,32.2,19.6,0.0
Barcelona Fabra,2021-08-08,27.2,18.8,0.0
Barcelona Fabra,2021-08-09,28.6,18.9,0.2
Barcelona Fabra,2021-08-10,28.3,21.9,0.0
Barcelona Fabra,2021-08-11,31.2,22.5,0.0
Barcelona Fabra,2021-08-12,32.8,24.3,0.0
Barcelona Fabra,2021-08-13,33.6,22.7,0.0
Barcelona Fabra,2021-08-14,35.3,23.3,0.0
Barcelona Fabra,2021-08-15,32.2,22.0,0.0
Barcelona Fabra,2021-08-16,31.2,21.2,0.0
Barcelona Fabra,2021-08-17,28.9,17.2,0.0
Barcelona Fabra,2021-08-18,28.1,17.5,0.0
Barcelona Fabra,2021-08-19,26.6,19.1,0.0
Barcelona Fabra,2021-08-20,29.0,20.4,0.0
Barcelona Fabra,2021-08-21,30.5,21.0,0.0
Barcelona Fabra,2021-08-22,30.4,20.8,0.0
Barcelona Fabra,2021-08-23,26.3,20.4,3.5
Barcelona Fabra,2021-08-24,26.7,19.0,0.2
Barcelona Fabra,2021-08-25,28.2,20.2,0.0
Barcelona Fabra,2021-08-26,29.2,18.5,0.0
Barcelona Fabra,2021-08-27,32.4,21.0,0.0
Barcelona Fabra,2021-08-28,28.7,19.7,0.0
Barcelona Fabra,2021-08-29,26.8,18.9,0.0
Barcelona Fabra,2021-08-30,22.8,18.9,3.5
Barcelona Fabra,2021-08-31,27.6,19.0,3.0
Barcelona Fabra,2021-09-01,24.1,17.6,1.8
Barcelona Fabra,2021-09-02,26.3,17.5,0.2
Barcelona Fabra,2021-09-03,29.9,18.8,4.3
Barcelona Fabra,2021-09-04,27.9,18.4,0.0
Barcelona Fabra,2021-09-05,29.5,19.9,0.0
Barcelona Fabra,2021-09-06,30.0,20.3,0.0
Barcelona Fabra,2021-09-07,28.9,21.1,0.0
Barcelona Fabra,2021-09-08,31.0,20.9,0.0
Barcelona Fabra,2021-09-09,28.9,20.3,0.5
Barcelona Fabra,2021-09-10,30.0,18.2,2.2
Barcelona Fabra,2021-09-11,28.8,19.6,0.0
Barcelona Fabra,2021-09-12,28.4,20.8,0.0
Barcelona Fabra,2021-09-13,28.6,20.8,0.0
Barcelona Fabra,2021-09-14,30.4,21.6,0.0
Barcelona Fabra,2021-09-15,31.3,21.2,0.1
Barcelona Fabra,2021-09-16,26.7,17.4,0.0
Barcelona Fabra,2021-09-17,30.0,18.5,0.0
Barcelona Fabra,2021-09-18,24.5,18.2,3.7
Barcelona Fabra,2021-09-19,26.8,13.5,0.0
Barcelona Fabra,2021-09-20,25.1,14.1,1.0
Barcelona Fabra,2021-09-21,21.3,14.7,0.2
Barcelona Fabra,2021-09-22,24.2,16.9,2.2
Barcelona Fabra,2021-09-23,23.1,15.3,1.9
Barcelona Fabra,2021-09-24,24.5,16.9,0.1
Barcelona Fabra,2021-09-25,28.4,19.0,0.1
Barcelona Fabra,2021-09-26,31.0,18.2,0.0
Barcelona Fabra,2021-09-27,30.1,18.4,0.0
Barcelona Fabra,2021-09-28,26.7,18.3,0.0
Barcelona Fabra,2021-09-29,21.9,16.9,5.0
Barcelona Fabra,2021-09-30,22.7,16.4,0.0
Barcelona Fabra,2021-10-01,23.9,16.1,0.0
Barcelona Fabra,2021-10-02,25.7,17.4,11.0
Barcelona Fabra,2021-10-03,24.0,15.1,21.6
Barcelona Fabra,2021-10-04,16.2,11.4,5.4
Barcelona Fabra,2021-10-05,23.9,11.0,0.2
Barcelona Fabra,2021-10-06,22.4,14.7,0.0
Barcelona Fabra,2021-10-07,23.4,13.1,0.0
Barcelona Fabra,2021-10-08,21.4,14.6,0.0
Barcelona Fabra,2021-10-09,20.1,14.3,0.0
Barcelona Fabra,2021-10-10,20.3,14.3,0.0
Barcelona Fabra,2021-10-11,23.6,13.8,0.0
Barcelona Fabra,2021-10-12,24.3,15.4,0.0
Barcelona Fabra,2021-10-13,22.6,15.4,0.0
Barcelona Fabra,2021-10-14,21.3,14.1,0.0
Barcelona Fabra,2021-10-15,23.0,15.1,0.0
Barcelona Fabra,2021-10-16,22.6,14.8,0.0
Barcelona Fabra,2021-10-17,21.2,14.1,0.0
Barcelona Fabra,2021-10-18,22.7,15.8,0.0
Barcelona Fabra,2021-10-19,24.6,16.1,0.0
Barcelona Fabra,2021-10-20,22.8,16.1,0.0
Barcelona Fabra,2021-10-21,21.0,14.6,0.3
Barcelona Fabra,2021-10-22,20.2,13.6,0.0
Barcelona Fabra,2021-10-23,20.8,10.8,0.0
Barcelona Fabra,2021-10-24,22.3,13.2,0.0
Barcelona Fabra,2021-10-25,20.8,13.4,0.0
Barcelona Fabra,2021-10-26,22.6,13.7,0.0
Barcelona Fabra,2021-10-27,19.6,12.7,0.0
Barcelona Fabra,2021-10-28,20.2,12.3,0.0
Barcelona Fabra,2021-10-29,21.8,13.6,23.1
Barcelona Fabra,2021-10-30,19.0,14.4,10.7
Barcelona Fabra,2021-10-31,24.1,16.2,1.7
Barcelona Fabra,2021-11-01,22.0,12.3,0.0
Barcelona Fabra,2021-11-02,18.2,9.7,0.5
Barcelona Fabra,2021-11-03,15.3,8.4,0.0
Barcelona Fabra,2021-11-04,14.2,7.0,0.0
Barcelona Fabra,2021-11-05,14.7,5.4,0.0
Barcelona Fabra,2021-11-06,15.8,5.9,0.0
Barcelona Fabra,2021-11-07,16.9,5.9,0.0
Barcelona Fabra,2021-11-08,20.1,10.2,0.0
Barcelona Fabra,2021-11-09,14.5,8.9,0.4
Barcelona Fabra,2021-11-10,13.5,10.5,10.7
Barcelona Fabra,2021-11-11,16.3,11.3,1.5
Barcelona Fabra,2021-11-12,16.4,12.4,0.2
Barcelona Fabra,2021-11-13,19.1,12.2,0.0
Barcelona Fabra,2021-11-14,13.8,9.7,3.6
Barcelona Fabra,2021-11-15,12.3,7.8,0.2
Barcelona Fabra,2021-11-16,13.1,8.4,2.3
Barcelona Fabra,2021-11-17,15.6,7.9,0.0
Barcelona Fabra,2021-11-18,17.2,7.0,0.0
Barcelona Fabra,2021-11-19,16.4,9.7,0.0
Barcelona Fabra,2021-11-20,15.3,10.1,0.0
Barcelona Fabra,2021-11-21,15.1,11.0,0.0
Barcelona Fabra,2021-11-22,13.2,8.3,16.0
Barcelona Fabra,2021-11-23,11.7,8.5,31.6
Barcelona Fabra,2021-11-24,11.5,6.6,22.8
Barcelona Fabra,2021-11-25,10.0,5.8,2.4
Barcelona Fabra,2021-11-26,11.3,4.8,0.0
Barcelona Fabra,2021-11-27,10.9,2.7,0.0
Barcelona Fabra,2021-11-28,9.3,1.8,0.0
Barcelona Fabra,2021-11-29,14.2,1.9,1.0
Barcelona Fabra,2021-11-30,14.5,6.2,2.0
Barcelona Fabra,2021-12-01,12.7,5.5,2.1
Barcelona Fabra,2021-12-02,12.5,4.8,0.0
Barcelona Fabra,2021-12-03,13.1,3.9,0.0
Barcelona Fabra,2021-12-04,14.8,6.4,0.0
Barcelona Fabra,2021-12-05,9.8,3.4,0.0
Barcelona Fabra,2021-12-06,11.7,2.6,0.0
Barcelona Fabra,2021-12-07,16.1,7.8,0.0
Barcelona Fabra,2021-12-08,11.8,4.3,0.0
Barcelona Fabra,2021-12-09,9.8,2.9,0.0
Barcelona Fabra,2021-12-10,13.9,6.1,0.0
Barcelona Fabra,2021-12-11,13.3,5.4,0.0
Barcelona Fabra,2021-12-12,14.2,8.2,0.0
Barcelona Fabra,2021-12-13,17.2,8.8,0.0
Barcelona Fabra,2021-12-14,16.3,8.9,0.0
Barcelona Fabra,2021-12-15,16.2,8.9,0.0
Barcelona Fabra,2021-12-16,14.5,7.9,0.0
Barcelona Fabra,2021-12-17,11.7,7.2,0.0
Barcelona Fabra,2021-12-18,13.0,7.2,0.0
Barcelona Fabra,2021-12-19,14.4,7.5,0.0
Barcelona Fabra,2021-12-20,13.2,5.2,0.0
Barcelona Fabra,2021-12-21,11.1,6.2,0.0
Barcelona Fabra,2021-12-22,9.3,7.6,1.5
Barcelona Fabra,2021-12-23,11.9,8.9,1.0
Barcelona Fabra,2021-12-24,13.7,10.7,0.2
Barcelona Fabra,2021-12-25,16.7,10.7,0.0
Barcelona Fabra,2021-12-26,16.0,9.8,0.0
Barcelona Fabra,2021-12-27,17.0,10.3,0.0
Barcelona Fabra,2021-12-28,16.4,12.1,0.0
Barcelona Fabra,2021-12-29,17.5,11.1,0.0
Barcelona Fabra,2021-12-30,20.4,12.4,0.0
Barcelona Fabra,2021-12-31,19.6,11.5,0.0
Barcelona Fabra,2022-01-01,22.1,14.9,0.0
Barcelona Fabra,2022-01-02,16.4,9.6,0.0
Barcelona Fabra,2022-01-03,17.1,12.2,0.0
Barcelona Fabra,2022-01-04,21.1,10.1,10.1
Barcelona Fabra,2022-01-05,11.0,5.7,0.4
Barcelona Fabra,2022-01-06,8.6,1.8,0.0
Barcelona Fabra,2022-01-07,12.1,2.7,0.0
Barcelona Fabra,2022-01-08,12.3,4.8,0.0
Barcelona Fabra,2022-01-09,13.7,7.0,0.0
Barcelona Fabra,2022-01-10,9.3,6.6,1.8
Barcelona Fabra,2022-01-11,15.1,6.9,0.0
Barcelona Fabra,2022-01-12,10.2,5.5,0.0
Barcelona Fabra,2022-01-13,12.9,4.7,0.0
Barcelona Fabra,2022-01-14,12.5,5.5,0.0
Barcelona Fabra,2022-01-15,13.0,4.2,0.0
Barcelona Fabra,2022-01-16,13.4,5.0,0.0
Barcelona Fabra,2022-01-17,13.9,5.3,0.0
Barcelona Fabra,2022-01-18,10.2,4.8,0.0
Barcelona Fabra,2022-01-19,12.1,5.7,0.0
Barcelona Fabra,2022-01-20,15.1,5.6,0.0
Barcelona Fabra,2022-01-21,9.3,3.6,0.0
Barcelona Fabra,2022-01-22,10.4,1.4,0.0
Barcelona Fabra,2022-01-23,13.7,4.7,0.0
Barcelona Fabra,2022-01-24,13.4,5.6,0.0
Barcelona Fabra,2022-01-25,15.3,6.0,0.0
Barcelona Fabra,2022-01-26,16.1,6.9,0.0
Barcelona Fabra,2022-01-27,14.4,8.9,0.0
Barcelona Fabra,2022-01-28,18.0,7.4,0.0
Barcelona Fabra,2022-01-29,17.6,8.0,0.0
Barcelona Fabra,2022-01-30,19.6,7.8,0.0
Barcelona Fabra,2022-01-31,16.1,7.1,0.0
Barcelona Fabra,2022-02-01,16.9,6.1,0.0
Barcelona Fabra,2022-02-02,19.3,7.6,0.0
Barcelona Fabra,2022-02-03,19.5,10.1,0.0
Barcelona Fabra,2022-02-04,14.6,9.1,0.0
Barcelona Fabra,2022-02-05,13.8,8.9,0.0
Barcelona Fabra,2022-02-06,16.4,4.6,0.0
Barcelona Fabra,2022-02-07,15.2,5.2,0.0
Barcelona Fabra,2022-02-08,16.7,8.3,0.0
Barcelona Fabra,2022-02-09,16.8,7.2,0.0
Barcelona Fabra,2022-02-10,17.0,7.1,0.0
Barcelona Fabra,2022-02-11,17.7,9.0,0.0
Barcelona Fabra,2022-02-12,10.2,8.0,0.8
Barcelona Fabra,2022-02-13,14.7,8.9,0.1
Barcelona Fabra,2022-02-14,15.4,6.9,0.0
Barcelona Fabra,2022-02-15,16.4,4.5,0.0
Barcelona Fabra,2022-02-16,15.8,7.7,0.0
Barcelona Fabra,2022-02-17,20.9,9.1,0.0
Barcelona Fabra,2022-02-18,21.5,10.4,0.0
Barcelona Fabra,2022-02-19,11.1,6.6,0.5
Barcelona Fabra,2022-02-20,17.6,4.3,0.0
Barcelona Fabra,2022-02-21,19.9,7.4,0.0
Barcelona Fabra,2022-02-22,17.9,5.7,0.0
Barcelona Fabra,2022-02-23,18.1,7.4,0.0
Barcelona Fabra,2022-02-24,17.4,9.3,0.0
Barcelona Fabra,2022-02-25,12.9,8.4,0.5
Barcelona Fabra,2022-02-26,10.8,6.9,0.0
Barcelona Fabra,2022-02-27,15.7,6.6,0.0
Barcelona Fabra,2022-02-28,13.8,7.9,0.0
Barcelona Fabra,2022-03-01,15.2,7.9,0.0
Barcelona Fabra,2022-03-02,11.9,7.4,0.3
Barcelona Fabra,2022-03-03,17.2,6.6,0.0
Barcelona Fabra,2022-03-04,16.8,8.0,0.0
Barcelona Fabra,2022-03-05,15.2,6.8,5.6
Barcelona Fabra,2022-03-06,9.4,6.3,0.2
Barcelona Fabra,2022-03-07,12.6,6.8,0.0
Barcelona Fabra,2022-03-08,9.2,6.9,1.8
Barcelona Fabra,2022-03-09,14.4,7.0,0.8
Barcelona Fabra,2022-03-10,12.6,8.7,0.1
Barcelona Fabra,2022-03-11,12.0,8.6,31.4
Barcelona Fabra,2022-03-12,10.5,8.7,17.5
Barcelona Fabra,2022-03-13,14.1,8.5,2.0
Barcelona Fabra,2022-03-14,11.4,8.5,0.2
Barcelona Fabra,2022-03-15,11.9,10.9,0.0
Barcelona Fabra,2022-03-16,12.2,10.7,0.0
Barcelona Fabra,2022-03-17,14.1,10.4,0.0
Barcelona Fabra,2022-03-18,13.4,10.1,1.3
Barcelona Fabra,2022-03-19,10.3,8.4,0.6
Barcelona Fabra,2022-03-20,13.4,8.4,0.8
Barcelona Fabra,2022-03-21,12.4,8.2,2.1
Barcelona Fabra,2022-03-22,12.2,7.1,5.2
Barcelona Fabra,2022-03-23,11.5,6.7,0.7
Barcelona Fabra,2022-03-24,11.6,7.3,0.0
Barcelona Fabra,2022-03-25,13.9,8.5,1.0
Barcelona Fabra,2022-03-26,11.0,9.0,1.5
Barcelona Fabra,2022-03-27,18.4,9.2,0.0
Barcelona Fabra,2022-03-28,18.7,10.0,0.0
Barcelona Fabra,2022-03-29,13.6,10.5,2.4
Barcelona Fabra,2022-03-30,13.6,8.2,11.0
Barcelona Fabra,2022-03-31,14.9,7.3,4.0
Barcelona Fabra,2022-04-01,11.9,2.5,0.0
Barcelona Fabra,2022-04-02,14.9,0.5,0.0
Barcelona Fabra,2022-04-03,7.8,2.7,0.9
Barcelona Fabra,2022-04-04,11.8,3.0,0.0
Barcelona Fabra,2022-04-05,16.5,6.8,0.0
Barcelona Fabra,2022-04-06,18.4,8.6,0.0
Barcelona Fabra,2022-04-07,24.1,9.9,0.0
Barcelona Fabra,2022-04-08,23.5,12.9,0.0
Barcelona Fabra,2022-04-09,15.9,10.0,0.0
Barcelona Fabra,2022-04-10,17.2,9.1,0.0
Barcelona Fabra,2022-04-11,17.5,9.6,0.0
Barcelona Fabra,2022-04-12,12.2,10.6,1.1
Barcelona Fabra,2022-04-13,12.3,10.0,6.1
Barcelona Fabra,2022-04-14,20.3,11.7,0.0
Barcelona Fabra,2022-04-15,24.3,15.8,0.0
Barcelona Fabra,2022-04-16,25.7,14.6,0.0
Barcelona Fabra,2022-04-17,22.4,11.9,0.0
Barcelona Fabra,2022-04-18,20.2,11.4,0.0
Barcelona Fabra,2022-04-19,18.8,11.2,0.7
Barcelona Fabra,2022-04-20,12.9,10.5,6.3
Barcelona Fabra,2022-04-21,13.1,8.2,11.9
Barcelona Fabra,2022-04-22,18.9,8.9,0.9
Barcelona Fabra,2022-04-23,15.5,6.7,10.4
Barcelona Fabra,2022-04-24,22.1,8.6,0.0
Barcelona Fabra,2022-04-25,19.7,10.8,0.0
Barcelona Fabra,2022-04-26,22.3,12.0,0.0
Barcelona Fabra,2022-04-27,20.9,14.0,0.0
Barcelona Fabra,2022-04-28,21.7,13.5,0.0
Barcelona Fabra,2022-04-29,24.8,15.6,0.0
Barcelona Fabra,2022-04-30,22.8,14.3,0.6
Barcelona Fabra,2022-05-01,22.2,13.7,0.0
Barcelona Fabra,2022-05-02,21.0,12.9,0.4
Barcelona Fabra,2022-05-03,18.5,12.1,0.5
Barcelona Fabra,2022-05-04,20.2,11.6,2.0
Barcelona Fabra,2022-05-05,22.4,13.4,3.7
Barcelona Fabra,2022-05-06,22.8,12.8,0.0
Barcelona Fabra,2022-05-07,24.3,13.3,0.0
Barcelona Fabra,2022-05-08,25.5,15.7,0.0
Barcelona Fabra,2022-05-09,25.2,15.9,0.0
Barcelona Fabra,2022-05-10,24.9,16.4,0.0
Barcelona Fabra,2022-05-11,24.2,15.7,0.0
Barcelona Fabra,2022-05-12,25.5,14.7,0.0
Barcelona Fabra,2022-05-13,23.9,16.1,0.0
Barcelona Fabra,2022-05-14,28.1,17.9,0.0
Barcelona Fabra,2022-05-15,28.5,17.8,0.0
Barcelona Fabra,2022-05-16,28.8,16.8,0.0
Barcelona Fabra,2022-05-17,26.6,17.7,0.0
Barcelona Fabra,2022-05-18,30.7,17.5,0.0
Barcelona Fabra,2022-05-19,26.9,17.5,0.0
Barcelona Fabra,2022-05-20,29.3,19.2,0.0
Barcelona Fabra,2022-05-21,31.7,21.9,0.0
Barcelona Fabra,2022-05-22,34.4,20.0,0.0
Barcelona Fabra,2022-05-23,26.9,17.3,0.0
Barcelona Fabra,2022-05-24,19.2,12.3,15.2
Barcelona Fabra,2022-05-25,18.2,11.4,0.2
Barcelona Fabra,2022-05-26,25.5,14.4,0.0
Barcelona Fabra,2022-05-27,28.5,17.1,0.0
Barcelona Fabra,2022-05-28,30.7,18.7,0.0
Barcelona Fabra,2022-05-29,25.3,16.6,0.0
Barcelona Fabra,2022-05-30,26.2,16.1,0.0
Barcelona Fabra,2022-05-31,28.1,16.6,0.0
Barcelona Fabra,2022-06-01,27.7,17.3,0.0
Barcelona Fabra,2022-06-02,26.2,17.6,0.0
Barcelona Fabra,2022-06-03,28.0,17.0,0.0
Barcelona Fabra,2022-06-04,31.3,17.3,0.0
Barcelona Fabra,2022-06-05,29.5,17.3,0.0
Barcelona Fabra,2022-06-06,28.0,18.0,0.0
Barcelona Fabra,2022-06-07,27.9,17.8,0.0
Barcelona Fabra,2022-06-08,28.2,17.6,0.0
Barcelona Fabra,2022-06-09,25.4,17.0,0.0
Barcelona Fabra,2022-06-10,27.3,16.5,0.0
Barcelona Fabra,2022-06-11,31.2,21.7,0.0
Barcelona Fabra,2022-06-12,33.8,21.8,0.0
Barcelona Fabra,2022-06-13,33.1,22.9,0.0
Barcelona Fabra,2022-06-14,30.6,22.6,0.0
Barcelona Fabra,2022-06-15,32.4,22.2,0.0
Barcelona Fabra,2022-06-16,35.0,24.2,0.0
Barcelona Fabra,2022-06-17,35.4,27.3,0.0
Barcelona Fabra,2022-06-18,33.0,20.3,0.0
Barcelona Fabra,2022-06-19,30.3,20.0,0.0
Barcelona Fabra,2022-06-20,29.3,20.2,0.0
Barcelona Fabra,2022-06-21,32.7,18.6,7.6
Barcelona Fabra,2022-06-22,27.3,18.6,1.1
Barcelona Fabra,2022-06-23,29.0,19.3,0.0
Barcelona Fabra,2022-06-24,30.7,18.4,0.0
Barcelona Fabra,2022-06-25,30.0,17.6,0.0
Barcelona Fabra,2022-06-26,28.7,19.7,0.0
Barcelona Fabra,2022-06-27,28.4,18.8,0.8
Barcelona Fabra,2022-06-28,29.2,17.2,0.0
Barcelona Fabra,2022-06-29,29.5,19.6,0.0
Barcelona Fabra,2022-06-30,29.9,19.3,0.0
Barcelona Fabra,2022-07-01,26.6,17.8,0.0
Barcelona Fabra,2022-07-02,28.2,18.1,0.0
Barcelona Fabra,2022-07-03,31.6,21.8,0.0
Barcelona Fabra,2022-07-04,32.5,21.5,0.2
Barcelona Fabra,2022-07-05,32.4,21.0,1.0
Barcelona Fabra,2022-07-06,27.8,19.0,0.9
Barcelona Fabra,2022-07-07,30.5,18.4,0.0
Barcelona Fabra,2022-07-08,30.4,21.7,0.0
Barcelona Fabra,2022-07-09,30.7,22.5,0.0
Barcelona Fabra,2022-07-10,31.8,22.3,0.0
Barcelona Fabra,2022-07-11,32.3,22.7,0.0
Barcelona Fabra,2022-07-12,32.4,23.5,0.0
Barcelona Fabra,2022-07-13,33.2,22.5,0.0
Barcelona Fabra,2022-07-14,33.2,24.0,0.0
Barcelona Fabra,2022-07-15,36.1,26.1,0.0
Barcelona Fabra,2022-07-16,35.0,25.6,0.0
Barcelona Fabra,2022-07-17,33.5,25.9,0.0
Barcelona Fabra,2022-07-18,32.0,22.0,0.0
Barcelona Fabra,2022-07-19,33.2,20.8,0.0
Barcelona Fabra,2022-07-20,32.3,22.2,0.0
Barcelona Fabra,2022-07-21,32.3,22.7,0.0
Barcelona Fabra,2022-07-22,33.4,22.9,0.0
Barcelona Fabra,2022-07-23,30.7,22.2,0.0
Barcelona Fabra,2022-07-24,32.9,22.0,0.0
Barcelona Fabra,2022-07-25,32.0,22.5,0.0
Barcelona Fabra,2022-07-26,29.9,21.0,0.0
Barcelona Fabra,2022-07-27,27.6,21.1,0.2
Barcelona Fabra,2022-07-28,30.4,21.8,0.0
Barcelona Fabra,2022-07-29,30.1,21.2,0.4
Barcelona Fabra,2022-07-30,30.2,21.2,0.0
Barcelona Fabra,2022-07-31,33.2,22.3,0.0
Barcelona Fabra,2022-08-01,35.4,23.5,0.0
Barcelona Fabra,2022-08-02,35.9,24.7,0.0
Barcelona Fabra,2022-08-03,34.0,24.4,0.0
Barcelona Fabra,2022-08-04,34.0,24.1,0.0
Barcelona Fabra,2022-08-05,33.6,20.1,3.1
Barcelona Fabra,2022-08-06,34.0,22.7,0.0
Barcelona Fabra,2022-08-07,35.0,22.8,0.0
Barcelona Fabra,2022-08-08,33.8,23.6,0.0
Barcelona Fabra,2022-08-09,34.0,24.4,0.0
Barcelona Fabra,2022-08-10,35.1,24.6,0.0
Barcelona Fabra,2022-08-11,34.3,24.4,0.0
Barcelona Fabra,2022-08-12,35.0,23.8,0.0
Barcelona Fabra,2022-08-13,34.3,25.0,0.0
Barcelona Fabra,2022-08-14,37.0,22.5,0.0
Barcelona Fabra,2022-08-15,32.6,21.7,0.0
Barcelona Fabra,2022-08-16,31.0,21.7,7.0
Barcelona Fabra,2022-08-17,31.5,16.9,13.9
Barcelona Fabra,2022-08-18,28.0,16.6,2.9
Barcelona Fabra,2022-08-19,30.1,17.8,0.0
Barcelona Fabra,2022-08-20,29.8,19.8,0.0
Barcelona Fabra,2022-08-21,29.6,20.4,1.8
Barcelona Fabra,2022-08-22,28.9,21.8,0.0
Barcelona Fabra,2022-08-23,31.1,21.6,0.0
Barcelona Fabra,2022-08-24,33.4,22.5,0.0
Barcelona Fabra,2022-08-25,31.0,20.3,0.7
Barcelona Fabra,2022-08-26,32.5,22.0,0.0
Barcelona Fabra,2022-08-27,29.9,22.1,0.0
Barcelona Fabra,2022-08-28,31.7,21.1,0.0
Barcelona Fabra,2022-08-29,31.5,20.9,0.3
Barcelona Fabra,2022-08-30,33.7,22.5,2.1
Barcelona Fabra,2022-08-31,28.2,15.8,43.1
Barcelona Fabra,2022-09-01,30.8,21.7,0.0
Barcelona Fabra,2022-09-02,29.8,20.0,0.9
Barcelona Fabra,2022-09-03,28.8,19.8,0.0
Barcelona Fabra,2022-09-04,29.0,20.5,0.0
Barcelona Fabra,2022-09-05,30.2,21.7,0.0
Barcelona Fabra,2022-09-06,31.1,22.4,0.0
Barcelona Fabra,2022-09-07,29.2,21.8,0.0
Barcelona Fabra,2022-09-08,28.2,20.8,1.0
Barcelona Fabra,2022-09-09,28.3,19.1,1.3
Barcelona Fabra,2022-09-10,27.9,19.1,0.0
Barcelona Fabra,2022-09-11,27.8,22.0,0.0
Barcelona Fabra,2022-09-12,31.4,21.6,0.0
Barcelona Fabra,2022-09-13,28.3,22.1,1.0
Barcelona Fabra,2022-09-14,25.1,18.3,0.0
Barcelona Fabra,2022-09-15,30.8,20.7,0.0
Barcelona Fabra,2022-09-16,27.1,19.3,1.1
Barcelona Fabra,2022-09-17,26.9,16.6,0.0
Barcelona Fabra,2022-09-18,25.8,16.1,0.0
Barcelona Fabra,2022-09-19,27.0,18.1,0.0
Barcelona Fabra,2022-09-20,26.2,18.1,0.0
Barcelona Fabra,2022-09-21,25.6,17.5,0.0
Barcelona Fabra,2022-09-22,25.4,17.2,0.0
Barcelona Fabra,2022-09-23,23.0,15.3,8.4
Barcelona Fabra,2022-09-24,21.4,14.2,0.4
Barcelona Fabra,2022-09-25,23.8,13.2,0.0
Barcelona Fabra,2022-09-26,25.0,13.8,0.0
Barcelona Fabra,2022-09-27,23.7,12.8,0.0
Barcelona Fabra,2022-09-28,24.0,13.6,0.0
Barcelona Fabra,2022-09-29,23.4,14.1,0.0
Barcelona Fabra,2022-09-30,23.1,11.6,0.0
Barcelona Fabra,2022-10-01,26.0,12.6,0.0
Barcelona Fabra,2022-10-02,28.1,17.3,0.0
Barcelona Fabra,2022-10-03,26.2,17.4,0.0
Barcelona Fabra,2022-10-04,25.4,16.8,0.0
Barcelona Fabra,2022-10-05,24.2,15.5,0.0
Barcelona Fabra,2022-10-06,23.2,16.8,0.6
Barcelona Fabra,2022-10-07,17.7,15.0,10.7
Barcelona Fabra,2022-10-08,21.2,15.9,0.0
Barcelona Fabra,2022-10-09,22.8,16.2,0.0
Barcelona Fabra,2022-10-10,22.7,16.2,0.0
Barcelona Fabra,2022-10-11,21.2,15.6,0.0
Barcelona Fabra,2022-10-12,23.9,15.8,0.0
Barcelona Fabra,2022-10-13,25.4,17.1,0.0
Barcelona Fabra,2022-10-14,25.1,16.8,0.0
Barcelona Fabra,2022-10-15,26.4,16.8,0.0
Barcelona Fabra,2022-10-16,26.6,18.0,0.0
Barcelona Fabra,2022-10-17,23.5,18.1,0.0
Barcelona Fabra,2022-10-18,25.3,17.7,0.0
Barcelona Fabra,2022-10-19,24.8,18.0,0.0
Barcelona Fabra,2022-10-20,22.7,18.3,0.0
Barcelona Fabra,2022-10-21,26.1,18.5,0.0
Barcelona Fabra,2022-10-22,27.1,17.8,0.0
Barcelona Fabra,2022-10-23,23.6,18.2,0.0
Barcelona Fabra,2022-10-24,27.7,19.6,0.0
Barcelona Fabra,2022-10-25,26.6,18.5,0.0
Barcelona Fabra,2022-10-26,28.8,19.4,0.0
Barcelona Fabra,2022-10-27,24.1,17.2,0.0
Barcelona Fabra,2022-10-28,22.8,17.6,0.0
Barcelona Fabra,2022-10-29,20.9,15.5,0.0
Barcelona Fabra,2022-10-30,23.8,15.5,0.0
Barcelona Fabra,2022-10-31,23.4,16.1,0.0
Barcelona Fabra,2022-11-01,22.0,15.6,0.0
Barcelona Fabra,2022-11-02,21.3,14.7,0.0
Barcelona Fabra,2022-11-03,21.9,15.2,0.0
Barcelona Fabra,2022-11-04,19.2,9.5,0.0
Barcelona Fabra,2022-11-05,21.9,9.3,0.0
Barcelona Fabra,2022-11-06,23.3,12.1,0.0
Barcelona Fabra,2022-11-07,22.0,13.7,0.0
Barcelona Fabra,2022-11-08,23.3,14.8,0.0
Barcelona Fabra,2022-11-09,21.2,14.3,6.0
Barcelona Fabra,2022-11-10,21.1,12.7,0.0
Barcelona Fabra,2022-11-11,19.1,13.4,0.0
Barcelona Fabra,2022-11-12,19.3,14.1,0.0
Barcelona Fabra,2022-11-13,22.3,12.4,0.0
Barcelona Fabra,2022-11-14,21.1,14.1,0.0
Barcelona Fabra,2022-11-15,20.8,15.4,0.0
Barcelona Fabra,2022-11-16,20.1,14.1,0.0
Barcelona Fabra,2022-11-17,22.3,14.5,0.0
Barcelona Fabra,2022-11-18,15.4,8.8,0.7
Barcelona Fabra,2022-11-19,14.6,7.0,0.0
Barcelona Fabra,2022-11-20,17.3,5.9,0.0
Barcelona Fabra,2022-11-21,13.6,8.2,0.3
Barcelona Fabra,2022-11-22,12.3,6.1,0.0
Barcelona Fabra,2022-11-23,21.2,9.0,0.0
Barcelona Fabra,2022-11-24,19.3,11.5,0.0
Barcelona Fabra,2022-11-25,19.7,9.9,0.0
Barcelona Fabra,2022-11-26,17.3,7.8,0.0
Barcelona Fabra,2022-11-27,18.0,10.1,0.0
Barcelona Fabra,2022-11-28,14.2,8.1,0.6
Barcelona Fabra,2022-11-29,14.3,6.6,0.0
Barcelona Fabra,2022-11-30,15.3,8.0,0.0
Barcelona Fabra,2022-12-01,12.1,6.9,0.0
Barcelona Fabra,2022-12-02,11.2,6.4,0.0
Barcelona Fabra,2022-12-03,15.0,5.7,1.8
Barcelona Fabra,2022-12-04,12.3,5.9,0.1
Barcelona Fabra,2022-12-05,12.0,7.9,0.0
Barcelona Fabra,2022-12-06,15.1,8.8,0.0
Barcelona Fabra,2022-12-07,14.5,9.2,5.0
Barcelona Fabra,2022-12-08,12.2,10.0,10.2
Barcelona Fabra,2022-12-09,18.1,10.5,0.5
Barcelona Fabra,2022-12-10,13.2,3.2,0.0
Barcelona Fabra,2022-12-11,9.1,3.2,4.0
Barcelona Fabra,2022-12-12,10.9,3.7,9.0
Barcelona Fabra,2022-12-13,15.4,9.3,4.2
Barcelona Fabra,2022-12-14,16.5,11.1,0.8
Barcelona Fabra,2022-12-15,16.4,9.7,1.3
Barcelona Fabra,2022-12-16,15.6,9.1,1.0
Barcelona Fabra,2022-12-17,11.8,8.8,1.6
Barcelona Fabra,2022-12-18,16.2,8.6,0.0
Barcelona Fabra,2022-12-19,17.2,10.2,0.0
Barcelona Fabra,2022-12-20,15.7,10.9,2.5
Barcelona Fabra,2022-12-21,16.0,9.7,0.0
Barcelona Fabra,2022-12-22,17.9,11.2,0.0
Barcelona Fabra,2022-12-23,19.9,12.4,0.0
Barcelona Fabra,2022-12-24,21.7,11.5,0.0
Barcelona Fabra,2022-12-25,22.1,15.8,0.0
Barcelona Fabra,2022-12-26,20.4,11.0,0.0
Barcelona Fabra,2022-12-27,19.2,12.4,0.0
Barcelona Fabra,2022-12-28,18.8,11.4,0.0
Barcelona Fabra,2022-12-29,17.4,11.0,0.0
Barcelona Fabra,2022-12-30,16.2,11.8,0.0
Barcelona Fabra,2022-12-31,22.4,13.4,0.0
Barcelona Fabra,2023-01-01,15.3,10.8,0.0
Barcelona Fabra,2023-01-02,14.7,10.9,0.1
Barcelona Fabra,2023-01-03,16.0,9.0,0.0
Barcelona Fabra,2023-01-04,17.7,9.1,0.0
Barcelona Fabra,2023-01-05,16.5,8.9,0.0
Barcelona Fabra,2023-01-06,15.1,7.1,0.0
Barcelona Fabra,2023-01-07,13.7,7.4,0.0
Barcelona Fabra,2023-01-08,14.0,9.9,0.2
Barcelona Fabra,2023-01-09,15.4,7.9,0.0
Barcelona Fabra,2023-01-10,15.9,6.6,0.0
Barcelona Fabra,2023-01-11,12.5,8.1,0.0
Barcelona Fabra,2023-01-12,15.4,6.7,0.0
Barcelona Fabra,2023-01-13,15.4,7.8,0.0
Barcelona Fabra,2023-01-14,18.0,7.3,0.0
Barcelona Fabra,2023-01-15,17.5,4.9,6.3
Barcelona Fabra,2023-01-16,12.9,4.1,0.0
Barcelona Fabra,2023-01-17,14.1,5.2,1.3
Barcelona Fabra,2023-01-18,10.2,2.6,0.0
Barcelona Fabra,2023-01-19,9.8,1.6,0.0
Barcelona Fabra,2023-01-20,13.5,3.8,0.0
Barcelona Fabra,2023-01-21,9.5,1.2,0.0
Barcelona Fabra,2023-01-22,11.5,1.0,0.0
Barcelona Fabra,2023-01-23,8.8,2.0,0.2
Barcelona Fabra,2023-01-24,7.5,0.3,0.6
Barcelona Fabra,2023-01-25,12.6,3.4,0.0
Barcelona Fabra,2023-01-26,10.9,1.5,0.0
Barcelona Fabra,2023-01-27,10.8,2.0,0.0
Barcelona Fabra,2023-01-28,8.2,2.2,0.0
Barcelona Fabra,2023-01-29,12.1,1.7,0.0
Barcelona Fabra,2023-01-30,12.4,1.7,0.0
Barcelona Fabra,2023-01-31,14.7,2.4,0.0
Barcelona Fabra,2023-02-01,14.8,4.9,0.0
Barcelona Fabra,2023-02-02,16.7,4.8,0.0
Barcelona Fabra,2023-02-03,18.7,7.5,0.0
Barcelona Fabra,2023-02-04,21.2,10.4,0.0
Barcelona Fabra,2023-02-05,18.4,5.4,0.1
Barcelona Fabra,2023-02-06,8.3,5.6,8.0
Barcelona Fabra,2023-02-07,7.4,5.0,15.6
Barcelona Fabra,2023-02-08,8.8,4.5,0.2
Barcelona Fabra,2023-02-09,9.4,4.4,0.0
Barcelona Fabra,2023-02-10,11.9,4.5,0.0
Barcelona Fabra,2023-02-11,13.1,5.5,0.0
Barcelona Fabra,2023-02-12,14.4,5.1,0.0
Barcelona Fabra,2023-02-13,15.2,5.7,0.0
Barcelona Fabra,2023-02-14,15.0,5.5,0.0
Barcelona Fabra,2023-02-15,16.2,6.5,0.0
Barcelona Fabra,2023-02-16,15.8,7.4,0.0
Barcelona Fabra,2023-02-17,20.3,9.4,0.0
Barcelona Fabra,2023-02-18,20.0,11.8,0.0
Barcelona Fabra,2023-02-19,21.0,12.0,0.0
Barcelona Fabra,2023-02-20,18.4,8.8,0.0
Barcelona Fabra,2023-02-21,19.3,10.3,0.0
Barcelona Fabra,2023-02-22,15.2,8.2,0.0
Barcelona Fabra,2023-02-23,11.5,8.5,4.3
Barcelona Fabra,2023-02-24,12.1,4.6,0.0
Barcelona Fabra,2023-02-25,12.0,5.7,10.0
Barcelona Fabra,2023-02-26,12.2,0.3,19.7
Barcelona Fabra,2023-02-27,5.6,-1.1,0.8
Barcelona Fabra,2023-02-28,12.5,1.9,0.0
Barcelona Fabra,2023-03-01,11.5,1.0,0.0
Barcelona Fabra,2023-03-02,10.8,3.5,0.0
Barcelona Fabra,2023-03-03,14.9,4.4,0.0
Barcelona Fabra,2023-03-04,15.7,4.1,0.0
Barcelona Fabra,2023-03-05,17.2,6.6,0.0
Barcelona Fabra,2023-03-06,13.5,7.6,0.0
Barcelona Fabra,2023-03-07,18.6,8.1,0.0
Barcelona Fabra,2023-03-08,21.6,9.7,0.0
Barcelona Fabra,2023-03-09,22.2,12.6,0.3
Barcelona Fabra,2023-03-10,22.2,12.0,0.0
Barcelona Fabra,2023-03-11,24.2,13.7,0.0
Barcelona Fabra,2023-03-12,20.5,12.7,0.0
Barcelona Fabra,2023-03-13,21.7,12.7,0.0
Barcelona Fabra,2023-03-14,21.1,9.8,0.0
Barcelona Fabra,2023-03-15,18.6,8.3,0.0
Barcelona Fabra,2023-03-16,19.8,9.2,0.0
Barcelona Fabra,2023-03-17,14.5,9.8,0.0
Barcelona Fabra,2023-03-18,19.8,9.7,0.0
Barcelona Fabra,2023-03-19,18.8,10.0,0.0
Barcelona Fabra,2023-03-20,18.7,9.2,0.0
Barcelona Fabra,2023-03-21,17.3,9.2,0.0
Barcelona Fabra,2023-03-22,19.3,10.2,0.0
Barcelona Fabra,2023-03-23,19.8,10.5,0.0
Barcelona Fabra,2023-03-24,25.7,11.2,0.0
Barcelona Fabra,2023-03-25,18.3,9.8,0.0
Barcelona Fabra,2023-03-26,23.9,10.9,0.0
Barcelona Fabra,2023-03-27,19.1,8.5,0.7
Barcelona Fabra,2023-03-28,16.2,8.6,0.0
Barcelona Fabra,2023-03-29,20.3,10.1,0.0
Barcelona Fabra,2023-03-30,20.5,10.6,0.0
Barcelona Fabra,2023-03-31,24.8,11.4,0.0
Barcelona Fabra,2023-04-01,22.7,7.9,0.2
Barcelona Fabra,2023-04-02,22.8,6.2,0.0
Barcelona Fabra,2023-04-03,19.4,8.0,0.0
Barcelona Fabra,2023-04-04,18.3,8.5,0.0
Barcelona Fabra,2023-04-05,19.2,7.8,0.0
Barcelona Fabra,2023-04-06,18.1,8.8,0.0
Barcelona Fabra,2023-04-07,20.1,9.6,0.0
Barcelona Fabra,2023-04-08,18.8,9.5,0.0
Barcelona Fabra,2023-04-09,20.1,11.1,0.0
Barcelona Fabra,2023-04-10,23.0,11.4,0.0
Barcelona Fabra,2023-04-11,20.1,12.2,0.0
Barcelona Fabra,2023-04-12,27.5,10.5,0.0
Barcelona Fabra,2023-04-13,19.9,7.2,0.0
Barcelona Fabra,2023-04-14,20.8,7.6,0.0
Barcelona Fabra,2023-04-15,21.8,10.4,0.0
Barcelona Fabra,2023-04-16,21.0,10.6,0.0
Barcelona Fabra,2023-04-17,17.7,10.4,0.0
Barcelona Fabra,2023-04-18,19.7,10.4,0.0
Barcelona Fabra,2023-04-19,20.7,10.2,0.0
Barcelona Fabra,2023-04-20,21.7,11.2,0.0
Barcelona Fabra,2023-04-21,20.0,12.0,0.0
Barcelona Fabra,2023-04-22,22.5,11.9,0.0
Barcelona Fabra,2023-04-23,23.1,12.4,0.2
Barcelona Fabra,2023-04-24,22.0,11.5,0.0
Barcelona Fabra,2023-04-25,23.5,12.4,0.0
Barcelona Fabra,2023-04-26,20.7,13.3,0.0
Barcelona Fabra,2023-04-27,25.2,14.0,0.0
Barcelona Fabra,2023-04-28,26.0,16.4,0.0
Barcelona Fabra,2023-04-29,24.7,15.3,7.5
Barcelona Fabra,2023-04-30,24.9,13.7,28.1
Barcelona Fabra,2023-05-01,19.3,13.3,0.0
Barcelona Fabra,2023-05-02,22.4,13.7,0.0
Barcelona Fabra,2023-05-03,23.1,13.8,0.0
Barcelona Fabra,2023-05-04,22.8,14.0,0.0
Barcelona Fabra,2023-05-05,23.7,14.5,0.0
Barcelona Fabra,2023-05-06,23.9,14.2,0.0
Barcelona Fabra,2023-05-07,23.4,13.4,1.6
Barcelona Fabra,2023-05-08,23.8,15.1,0.0
Barcelona Fabra,2023-05-09,24.1,14.7,1.9
Barcelona Fabra,2023-05-10,21.5,12.9,1.0
Barcelona Fabra,2023-05-11,19.6,10.7,0.0
Barcelona Fabra,2023-05-12,17.2,8.4,3.9
Barcelona Fabra,2023-05-13,19.3,10.5,3.5
Barcelona Fabra,2023-05-14,20.7,11.2,7.4
Barcelona Fabra,2023-05-15,24.4,12.7,4.0
Barcelona Fabra,2023-05-16,22.1,12.6,0.0
Barcelona Fabra,2023-05-17,22.8,10.5,0.0
Barcelona Fabra,2023-05-18,19.5,12.2,2.0
Barcelona Fabra,2023-05-19,19.9,11.5,3.1
Barcelona Fabra,2023-05-20,23.2,11.3,2.0
Barcelona Fabra,2023-05-21,21.0,12.6,1.0
Barcelona Fabra,2023-05-22,23.6,14.0,0.6
Barcelona Fabra,2023-05-23,24.6,14.4,1.0
Barcelona Fabra,2023-05-24,27.0,15.0,9.7
Barcelona Fabra,2023-05-25,18.4,12.9,9.1
Barcelona Fabra,2023-05-26,22.7,12.4,0.0
Barcelona Fabra,2023-05-27,26.7,18.1,0.0
Barcelona Fabra,2023-05-28,26.6,17.6,0.0
Barcelona Fabra,2023-05-29,24.4,15.6,0.0
Barcelona Fabra,2023-05-30,26.5,15.6,0.0
Barcelona Fabra,2023-05-31,25.2,17.1,4.7
Barcelona Fabra,2023-06-01,24.9,14.4,0.0
Barcelona Fabra,2023-06-02,25.2,15.4,0.0
Barcelona Fabra,2023-06-03,23.2,15.3,0.1
Barcelona Fabra,2023-06-04,26.3,16.0,0.0
Barcelona Fabra,2023-06-05,26.1,16.0,0.0
Barcelona Fabra,2023-06-06,25.9,16.6,0.0
Barcelona Fabra,2023-06-07,24.2,17.0,0.0
Barcelona Fabra,2023-06-08,26.0,17.1,0.0
Barcelona Fabra,2023-06-09,26.3,17.8,0.0
Barcelona Fabra,2023-06-10,27.6,18.6,0.0
Barcelona Fabra,2023-06-11,30.9,19.8,3.2
Barcelona Fabra,2023-06-12,28.9,19.2,2.0
Barcelona Fabra,2023-06-13,25.6,16.7,0.2
Barcelona Fabra,2023-06-14,28.8,16.2,0.0
Barcelona Fabra,2023-06-15,29.8,19.1,0.0
Barcelona Fabra,2023-06-16,29.7,20.2,0.0
Barcelona Fabra,2023-06-17,29.7,19.4,0.0
Barcelona Fabra,2023-06-18,28.4,20.5,0.0
Barcelona Fabra,2023-06-19,28.6,19.0,0.6
Barcelona Fabra,2023-06-20,30.0,19.5,0.0
Barcelona Fabra,2023-06-21,29.5,20.2,0.0
Barcelona Fabra,2023-06-22,32.7,20.2,0.0
Barcelona Fabra,2023-06-23,29.2,19.8,0.0
Barcelona Fabra,2023-06-24,31.0,20.0,0.0
Barcelona Fabra,2023-06-25,30.6,23.4,0.0
Barcelona Fabra,2023-06-26,32.6,23.5,0.0
Barcelona Fabra,2023-06-27,29.1,21.3,0.0
Barcelona Fabra,2023-06-28,30.3,21.1,1.0
Barcelona Fabra,2023-06-29,30.5,16.9,2.0
Barcelona Fabra,2023-06-30,26.8,16.9,33.7
Barcelona Fabra,2023-07-01,27.2,16.7,0.0
Barcelona Fabra,2023-07-02,27.2,19.3,0.0
Barcelona Fabra,2023-07-03,27.7,20.4,0.2
Barcelona Fabra,2023-07-04,28.5,20.2,1.0
Barcelona Fabra,2023-07-05,25.5,19.7,1.0
Barcelona Fabra,2023-07-06,30.4,19.2,0.1
Barcelona Fabra,2023-07-07,29.5,20.5,0.0
Barcelona Fabra,2023-07-08,31.9,20.3,0.0
Barcelona Fabra,2023-07-09,32.5,22.2,0.0
Barcelona Fabra,2023-07-10,31.5,21.3,0.0
Barcelona Fabra,2023-07-11,33.3,22.0,0.0
Barcelona Fabra,2023-07-12,30.2,22.2,0.0
Barcelona Fabra,2023-07-13,30.1,21.7,0.0
Barcelona Fabra,2023-07-14,29.7,21.2,0.0
Barcelona Fabra,2023-07-15,30.9,21.4,0.0
Barcelona Fabra,2023-07-16,30.6,21.4,0.0
Barcelona Fabra,2023-07-17,31.5,21.6,0.0
Barcelona Fabra,2023-07-18,35.1,21.8,0.0
Barcelona Fabra,2023-07-19,34.2,23.2,0.0
Barcelona Fabra,2023-07-20,31.8,22.9,0.0
Barcelona Fabra,2023-07-21,29.6,21.6,0.0
Barcelona Fabra,2023-07-22,30.3,21.5,0.0
Barcelona Fabra,2023-07-23,31.8,21.2,0.0
Barcelona Fabra,2023-07-24,31.3,22.2,0.0
Barcelona Fabra,2023-07-25,31.7,18.3,3.8
Barcelona Fabra,2023-07-26,24.5,18.2,0.0
Barcelona Fabra,2023-07-27,28.0,19.4,1.1
Barcelona Fabra,2023-07-28,30.3,19.9,0.0
Barcelona Fabra,2023-07-29,30.5,21.6,0.0
Barcelona Fabra,2023-07-30,32.6,21.4,0.0
Barcelona Fabra,2023-07-31,27.2,21.8,0.0
Barcelona Fabra,2023-08-01,33.8,22.3,0.0
Barcelona Fabra,2023-08-02,30.5,21.6,0.0
Barcelona Fabra,2023-08-03,26.4,19.9,2.9
Barcelona Fabra,2023-08-04,28.5,15.4,0.0
Barcelona Fabra,2023-08-05,28.3,16.4,0.0
Barcelona Fabra,2023-08-06,24.8,19.6,0.2
Barcelona Fabra,2023-08-07,25.8,18.6,0.0
Barcelona Fabra,2023-08-08,27.9,20.0,0.0
Barcelona Fabra,2023-08-09,30.1,20.6,0.0
Barcelona Fabra,2023-08-10,33.1,22.3,0.0
Barcelona Fabra,2023-08-11,33.0,23.6,0.0
Barcelona Fabra,2023-08-12,31.6,22.1,0.0
Barcelona Fabra,2023-08-13,32.0,21.5,0.0
Barcelona Fabra,2023-08-14,33.2,21.8,0.5
Barcelona Fabra,2023-08-15,32.5,22.3,0.0
Barcelona Fabra,2023-08-16,29.1,22.0,0.0
Barcelona Fabra,2023-08-17,32.3,21.3,0.0
Barcelona Fabra,2023-08-18,31.3,21.0,0.0
Barcelona Fabra,2023-08-19,31.5,22.5,0.0
Barcelona Fabra,2023-08-20,36.5,25.7,0.0
Barcelona Fabra,2023-08-21,36.8,27.6,0.0
Barcelona Fabra,2023-08-22,36.1,26.8,0.0
Barcelona Fabra,2023-08-23,38.8,29.4,0.0
Barcelona Fabra,2023-08-24,35.9,25.2,0.0
Barcelona Fabra,2023-08-25,33.2,23.9,0.0
Barcelona Fabra,2023-08-26,30.4,20.1,19.0
Barcelona Fabra,2023-08-27,24.0,14.6,22.0
Barcelona Fabra,2023-08-28,28.7,14.7,0.0
Barcelona Fabra,2023-08-29,27.0,16.0,0.0
Barcelona Fabra,2023-08-30,24.2,17.1,0.0
Barcelona Fabra,2023-08-31,28.7,17.8,0.0
Barcelona Fabra,2023-09-01,28.4,19.6,0.0
Barcelona Fabra,2023-09-02,23.9,20.1,0.0
Barcelona Fabra,2023-09-03,27.7,19.3,0.0
Barcelona Fabra,2023-09-04,30.0,21.5,0.0
Barcelona Fabra,2023-09-05,29.8,20.8,0.0
Barcelona Fabra,2023-09-06,29.4,19.4,0.0
Barcelona Fabra,2023-09-07,28.4,17.7,0.0
Barcelona Fabra,2023-09-08,29.0,19.2,0.0
Barcelona Fabra,2023-09-09,28.7,18.2,0.0
Barcelona Fabra,2023-09-10,28.4,18.7,0.2
Barcelona Fabra,2023-09-11,28.7,19.5,0.0
Barcelona Fabra,2023-09-12,28.9,20.5,0.0
Barcelona Fabra,2023-09-13,29.8,19.4,0.0
Barcelona Fabra,2023-09-14,28.6,19.8,0.0
Barcelona Fabra,2023-09-15,25.2,17.2,32.4
Barcelona Fabra,2023-09-16,27.8,18.2,0.0
Barcelona Fabra,2023-09-17,28.2,20.6,0.0
Barcelona Fabra,2023-09-18,29.0,20.7,0.0
Barcelona Fabra,2023-09-19,25.2,18.9,17.8
Barcelona Fabra,2023-09-20,22.1,16.0,0.0
Barcelona Fabra,2023-09-21,27.0,18.5,0.0
Barcelona Fabra,2023-09-22,25.0,15.7,0.0
Barcelona Fabra,2023-09-23,24.6,13.4,0.0
Barcelona Fabra,2023-09-24,25.8,15.8,0.0
Barcelona Fabra,2023-09-25,25.3,17.0,0.0
Barcelona Fabra,2023-09-26,26.3,17.7,0.0
Barcelona Fabra,2023-09-27,28.0,19.4,0.0
Barcelona Fabra,2023-09-28,27.3,18.6,0.0
Barcelona Fabra,2023-09-29,29.8,20.3,0.0
Barcelona Fabra,2023-09-30,30.1,21.9,0.0
Barcelona Fabra,2023-10-01,27.7,18.8,0.0
Barcelona Fabra,2023-10-02,27.0,18.7,0.0
Barcelona Fabra,2023-10-03,27.2,18.3,0.0
Barcelona Fabra,2023-10-04,27.3,19.9,0.0
Barcelona Fabra,2023-10-05,25.1,19.7,0.0
Barcelona Fabra,2023-10-06,27.2,18.8,0.0
Barcelona Fabra,2023-10-07,26.7,18.8,0.0
Barcelona Fabra,2023-10-08,27.8,18.7,0.0
Barcelona Fabra,2023-10-09,27.2,18.7,0.0
Barcelona Fabra,2023-10-10,27.4,18.2,0.0
Barcelona Fabra,2023-10-11,26.9,17.9,0.0
Barcelona Fabra,2023-10-12,26.2,17.7,0.0
Barcelona Fabra,2023-10-13,25.8,17.8,0.0
Barcelona Fabra,2023-10-14,25.4,18.0,8.0
Barcelona Fabra,2023-10-15,19.4,17.1,16.9
Barcelona Fabra,2023-10-16,19.1,15.5,0.6
Barcelona Fabra,2023-10-17,24.1,15.9,4.0
Barcelona Fabra,2023-10-18,26.7,19.0,6.0
Barcelona Fabra,2023-10-19,23.4,13.7,8.3
Barcelona Fabra,2023-10-20,20.6,13.5,0.0
Barcelona Fabra,2023-10-21,19.0,12.7,0.0
Barcelona Fabra,2023-10-22,21.6,11.9,1.0
Barcelona Fabra,2023-10-23,23.6,16.3,2.6
Barcelona Fabra,2023-10-24,20.9,13.5,0.0
Barcelona Fabra,2023-10-25,21.4,12.9,0.0
Barcelona Fabra,2023-10-26,24.9,17.0,0.0
Barcelona Fabra,2023-10-27,21.5,13.9,0.0
Barcelona Fabra,2023-10-28,22.9,12.5,0.0
Barcelona Fabra,2023-10-29,21.7,15.5,0.0
Barcelona Fabra,2023-10-30,22.7,12.3,0.8
Barcelona Fabra,2023-10-31,17.8,10.0,0.0
Barcelona Fabra,2023-11-01,20.5,11.6,0.0
Barcelona Fabra,2023-11-02,18.4,10.2,0.8
Barcelona Fabra,2023-11-03,16.1,8.4,0.0
Barcelona Fabra,2023-11-04,19.8,9.6,0.1
Barcelona Fabra,2023-11-05,19.2,12.5,0.0
Barcelona Fabra,2023-11-06,19.1,10.5,0.0
Barcelona Fabra,2023-11-07,18.6,8.9,0.0
Barcelona Fabra,2023-11-08,18.2,7.9,1.3
Barcelona Fabra,2023-11-09,15.4,8.9,0.0
Barcelona Fabra,2023-11-10,17.8,11.1,0.0
Barcelona Fabra,2023-11-11,16.6,11.3,0.0
Barcelona Fabra,2023-11-12,22.6,14.0,0.0
Barcelona Fabra,2023-11-13,25.1,14.8,0.0
Barcelona Fabra,2023-11-14,26.4,15.9,0.0
Barcelona Fabra,2023-11-15,17.4,13.7,0.0
Barcelona Fabra,2023-11-16,20.3,13.3,0.0
Barcelona Fabra,2023-11-17,18.1,12.8,0.0
Barcelona Fabra,2023-11-18,21.3,12.1,0.0
Barcelona Fabra,2023-11-19,22.3,13.2,0.0
Barcelona Fabra,2023-11-20,20.2,11.2,0.6
Barcelona Fabra,2023-11-21,18.4,10.0,0.2
Barcelona Fabra,2023-11-22,17.0,9.1,0.0
Barcelona Fabra,2023-11-23,16.0,7.1,0.0
Barcelona Fabra,2023-11-24,18.5,7.8,0.0
Barcelona Fabra,2023-11-25,17.2,8.9,0.0
Barcelona Fabra,2023-11-26,13.0,8.6,0.0
Barcelona Fabra,2023-11-27,13.0,8.5,0.0
Barcelona Fabra,2023-11-28,18.2,9.7,0.2
Barcelona Fabra,2023-11-29,14.3,10.2,0.5
Barcelona Fabra,2023-11-30,22.7,13.3,1.0
Barcelona Fabra,2023-12-01,17.6,7.4,1.0
Barcelona Fabra,2023-12-02,15.9,6.0,1.1
Barcelona Fabra,2023-12-03,14.4,4.4,1.0
Barcelona Fabra,2023-12-04,15.8,8.1,0.4
Barcelona Fabra,2023-12-05,11.4,6.0,0.0
Barcelona Fabra,2023-12-06,15.3,7.1,0.0
Barcelona Fabra,2023-12-07,16.4,5.9,1.2
Barcelona Fabra,2023-12-08,14.4,8.0,0.0
Barcelona Fabra,2023-12-09,17.0,7.4,0.0
Barcelona Fabra,2023-12-10,18.7,11.9,0.0
Barcelona Fabra,2023-12-11,18.0,11.7,0.0
Barcelona Fabra,2023-12-12,16.4,13.0,0.0
Barcelona Fabra,2023-12-13,14.7,8.2,0.0
Barcelona Fabra,2023-12-14,17.4,6.8,0.0
Barcelona Fabra,2023-12-15,17.8,9.5,0.0
Barcelona Fabra,2023-12-16,15.6,6.9,0.0
Barcelona Fabra,2023-12-17,12.3,6.7,0.0
Barcelona Fabra,2023-12-18,15.8,7.2,0.0
Barcelona Fabra,2023-12-19,17.8,8.2,0.0
Barcelona Fabra,2023-12-20,14.3,5.1,0.0
Barcelona Fabra,2023-12-21,16.4,7.3,0.0
Barcelona Fabra,2023-12-22,19.3,10.2,0.0
Barcelona Fabra,2023-12-23,15.2,7.2,0.0
Barcelona Fabra,2023-12-24,16.1,6.1,0.0
Barcelona Fabra,2023-12-25,18.1,9.2,0.0
Barcelona Fabra,2023-12-26,19.1,11.3,0.0
Barcelona Fabra,2023-12-27,19.8,9.7,0.0
Barcelona Fabra,2023-12-28,13.7,8.1,0.0
Barcelona Fabra,2023-12-29,13.8,8.2,0.0
Barcelona Fabra,2023-12-30,16.9,7.7,0.0
Barcelona Fabra,2023-12-31,16.1,8.7,0.0
